matchId,team,name,personId
2741411,HYM,M. Mayora,258698
2741411,HYM,I. Xavier,727814
2741411,HYM,F. Haller,15217
2741411,HYM,F. Morales,1765561
2741411,HYM,A. Nation,2486578
2741411,HYM,G. Semiglia,16717
2741411,HYM,S. Zanotta,15259
2741411,HYM,L. Viatri,1675384
2741411,HYM,A. Louis,425204
2741411,HYM,J. Canty,2486580
2741411,UAT,Q. Wilson,2486591
2741411,UAT,T. Prince,2534741
2741411,UAT,J. Ducasse,208488
2741411,UAT,M. Giano,1338848
2741411,UAT,M. Astramskas,1342734
2741411,UAT,G. Brun,1651515
2741411,UAT,A. Lopez,16807
2741411,UAT,I. Ross,2534738
2741417,UUN,E. Holt,1709203
2741417,UUN,N. Bessio,1569431
2741417,UUN,M. Sarni,43252
2741417,UUN,S. Massa,62685
2741417,UUN,B. Curadossi,1714808
2741417,UUN,M. Rodriguez,1937748
2741417,UUN,A. Moller,1765563
2741417,UUN,E. Demers,2534746
2741417,UUN,T. Daniels,2534742
2741417,UUN,F. Satut Hornos,1457105
2741417,UUN,M. Jounes,1791017
2741417,UUN,M. Benitez,2074488
2741417,WEL,M. Moore,2486593
2741417,WEL,D. Esparza,2486592
2741417,WEL,G. Barrera,16739
2741417,WEL,R. Previatti,1314581
2741417,WEL,J. Stoll,1645559
2741417,WEL,S. Moglia,16511
2741417,WEL,F. Garcia,1334179
2741417,WEL,J. Ortiz,1719070
2741417,WEL,T. Segui,2386796
2741419,BIG,D. Hicks,2324181
2741419,BIG,S. Ottonello,191795
2741419,BIG,N. Catala,16616
2741419,BIG,J. Duran,2199918
2741419,BIG,T. Rodriguez,1989296
2741419,BIG,G. Iglesias,16857
2741419,BIG,A. Payovich,2214818
2741419,BIG,F. Hassell,1924909
2741419,BIG,M. Espinosa,1942261
2741419,BIG,J. Matos,2534718
2741419,AGU,M. Fernandez,2158090
2741419,AGU,J. Osimani,15493
2741419,AGU,S. Vidal,14724
2741419,AGU,E. Clark,2534717
2741419,AGU,F. Pereiras,17571
2741419,AGU,J. Rodriguez,1430994
2741419,AGU,J. Santiso,17101
2741419,AGU,A. Gentile,1717089
2741419,AGU,A. Zuvich,17554
2741419,AGU,E. Mockevicius,2534712
2741421,DSC,T. Metzger,725720
2741421,DSC,D. Wilson,2486574
2741421,DSC,S. Tricot,2549324
2741421,DSC,M. Antunez,1940452
2741421,DSC,M. Zubiaurre,17046
2741421,DSC,F. Terra,191820
2741421,DSC,D. Wright,1981004
2741421,DSC,M. Mac Mullen,1723827
2741421,DSC,N. Colmenares,43224
2741421,DSC,M. Bianchi,999249
2741421,GOE,J. Hartwell,2432773
2741421,GOE,E. Bonet,961332
2741421,GOE,M. Oyenard,1567203
2741421,GOE,F. Verrone,17044
2741421,GOE,A. Irastorza,1977269
2741421,GOE,S. Conceicao,2261706
2741421,GOE,A. Rand,2534732
2741421,GOE,X. Couste,571401
2741421,GOE,I. Dos Santos,2154756
2741413,MAL,R. Abell,2534733
2741413,MAL,M. Romero,16177
2741413,MAL,S. Fernandez,1346396
2741413,MAL,F. Brun,1937721
2741413,MAL,J. Cruz,2534734
2741413,MAL,D. Zekovic,2394559
2741413,MAL,N. Martinez,1645560
2741413,MAL,K. Wachsman,17488
2741413,MAL,O. Medina,17110
2741413,COR,K. Higgins,2534719
2741413,COR,B. Beamer,2534720
2741413,COR,T. Leites,983931
2741413,COR,L. Planells,623893
2741413,COR,E. Gonzalez,15216
2741413,COR,M. Schell,2134158
2741413,COR,V. Clemente Baffuto,2534726
2741413,COR,F. Medina,15257
2741413,COR,P. Rusch,17379
2741427,AGU,M. Fernandez,2158090
2741427,AGU,J. Osimani,15493
2741427,AGU,S. Vidal,14724
2741427,AGU,E. Clark,2534717
2741427,AGU,F. Pereiras,17571
2741427,AGU,B. Traversa,2549110
2741427,AGU,J. Rodriguez,1430994
2741427,AGU,J. Santiso,17101
2741427,AGU,A. Gentile,1717089
2741427,AGU,A. Zuvich,17554
2741427,AGU,V. Acuña,2222567
2741427,AGU,E. Mockevicius,2534712
2741427,UUN,E. Holt,1709203
2741427,UUN,N. Bessio,1569431
2741427,UUN,M. Sarni,43252
2741427,UUN,S. Massa,62685
2741427,UUN,B. Curadossi,1714808
2741427,UUN,M. Rodriguez,1937748
2741427,UUN,A. Moller,1765563
2741427,UUN,T. Daniels,2534742
2741427,UUN,F. Satut Hornos,1457105
2741427,UUN,M. Jounes,1791017
2741427,UUN,M. Benitez,2074488
2741423,DSC,T. Metzger,725720
2741423,DSC,D. Wilson,2486574
2741423,DSC,B. Gomez,2243963
2741423,DSC,M. Zubiaurre,17046
2741423,DSC,F. Terra,191820
2741423,DSC,D. Wright,1981004
2741423,DSC,M. Mac Mullen,1723827
2741423,DSC,N. Colmenares,43224
2741423,DSC,M. Bianchi,999249
2741423,HYM,M. Mayora,258698
2741423,HYM,I. Xavier,727814
2741423,HYM,F. Haller,15217
2741423,HYM,F. Morales,1765561
2741423,HYM,A. Nation,2486578
2741423,HYM,G. Semiglia,16717
2741423,HYM,S. Zanotta,15259
2741423,HYM,L. Viatri,1675384
2741423,HYM,A. Louis,425204
2741423,HYM,J. Canty,2486580
2741415,CNF,A. Mendez,1894506
2741415,CNF,J. Feldeine,2321121
2741415,CNF,E. Bell,2413907
2741415,CNF,M. Cabot,15196
2741415,CNF,L. Parodi,15251
2741415,CNF,P. Gomez,1661038
2741415,CNF,P. Prieto,1722930
2741415,CNF,E. Superi,2150245
2741415,CNF,E. Oglivie,17628
2741415,CNF,G. Galeano,1760620
2741415,CNF,B. Barrera,17677
2741415,CNF,G. Espindola,17669
2741415,CAP,O. Rosado,2549194
2741415,CAP,G. Whittington,2486588
2741415,CAP,N. Pomoli,811063
2741415,CAP,E. Serres,17691
2741415,CAP,A. Ibarguen,1975797
2741415,CAP,C. Heilmann,2544008
2741415,CAP,F. Bavosi,17071
2741415,CAP,S. Hogan,1642412
2741415,CAP,S. Vescovi,617418
2741415,CAP,S. Calimares,1509909
2741415,CAP,M. Rojas,258681
2741415,CAP,J. Delgado,2411720
2741425,GOE,J. Hartwell,2432773
2741425,GOE,E. Bonet,961332
2741425,GOE,M. Oyenard,1567203
2741425,GOE,F. Verrone,17044
2741425,GOE,A. Irastorza,1977269
2741425,GOE,S. Conceicao,2261706
2741425,GOE,A. Rand,2534732
2741425,GOE,X. Couste,571401
2741425,GOE,I. Dos Santos,2154756
2741425,BIG,D. Hicks,2324181
2741425,BIG,S. Ottonello,191795
2741425,BIG,N. Catala,16616
2741425,BIG,T. Rodriguez,1989296
2741425,BIG,G. Iglesias,16857
2741425,BIG,A. Payovich,2214818
2741425,BIG,F. Hassell,1924909
2741425,BIG,M. Espinosa,1942261
2741425,BIG,J. Matos,2534718
2741414,COR,K. Higgins,2534719
2741414,COR,B. Beamer,2534720
2741414,COR,T. Charbonnier,2411715
2741414,COR,T. Leites,983931
2741414,COR,O. Senande,1873515
2741414,COR,L. Planells,623893
2741414,COR,E. Gonzalez,15216
2741414,COR,M. Schell,2134158
2741414,COR,V. Clemente Baffuto,2534726
2741414,COR,F. Medina,15257
2741414,COR,P. Rusch,17379
2741414,UAT,Q. Wilson,2486591
2741414,UAT,T. Prince,2534741
2741414,UAT,L. Gomez,2549330
2741414,UAT,J. Ducasse,208488
2741414,UAT,M. Giano,1338848
2741414,UAT,M. Astramskas,1342734
2741414,UAT,G. Brun,1651515
2741414,UAT,A. Lopez,16807
2741414,UAT,J. Brisset,1675913
2741414,UAT,L. Echeverria,2081918
2741414,UAT,I. Ross,2534738
2741429,WEL,M. Moore,2486593
2741429,WEL,D. Esparza,2486592
2741429,WEL,G. Barrera,16739
2741429,WEL,R. Previatti,1314581
2741429,WEL,J. Stoll,1645559
2741429,WEL,S. Moglia,16511
2741429,WEL,F. Garcia,1334179
2741429,WEL,D. Pena Garcia,1642407
2741429,WEL,A. Peña,2096885
2741429,CNF,L. Imas,2225721
2741429,CNF,A. Mendez,1894506
2741429,CNF,J. Feldeine,2321121
2741429,CNF,E. Bell,2413907
2741429,CNF,L. Parodi,15251
2741429,CNF,P. Gomez,1661038
2741429,CNF,P. Prieto,1722930
2741429,CNF,E. Superi,2150245
2741429,CNF,G. Galeano,1760620
2741429,CNF,B. Barrera,17677
2741429,CNF,G. Espindola,17669
2741429,CNF,L. Bennett,1937775
2741412,CAP,G. Whittington,2486588
2741412,CAP,N. Pomoli,811063
2741412,CAP,E. Serres,17691
2741412,CAP,A. Ibarguen,1975797
2741412,CAP,C. Heilmann,2544008
2741412,CAP,F. Bavosi,17071
2741412,CAP,S. Hogan,1642412
2741412,CAP,S. Vescovi,617418
2741412,CAP,S. Calimares,1509909
2741412,CAP,M. Rojas,258681
2741412,MAL,R. Abell,2534733
2741412,MAL,M. Romero,16177
2741412,MAL,S. Fernandez,1346396
2741412,MAL,F. Brun,1937721
2741412,MAL,J. Cruz,2534734
2741412,MAL,D. Zekovic,2394559
2741412,MAL,N. Martinez,1645560
2741412,MAL,K. Wachsman,17488
2741412,MAL,O. Medina,17110
2741426,BIG,D. Hicks,2324181
2741426,BIG,S. Ottonello,191795
2741426,BIG,N. Catala,16616
2741426,BIG,T. Rodriguez,1989296
2741426,BIG,G. Iglesias,16857
2741426,BIG,A. Payovich,2214818
2741426,BIG,F. Hassell,1924909
2741426,BIG,M. Espinosa,1942261
2741426,BIG,B. Garcia,16715
2741426,BIG,J. Matos,2534718
2741426,DSC,T. Metzger,725720
2741426,DSC,D. Wilson,2486574
2741426,DSC,M. Antunez,1940452
2741426,DSC,M. Soto,2250412
2741426,DSC,M. Zubiaurre,17046
2741426,DSC,F. Terra,191820
2741426,DSC,D. Wright,1981004
2741426,DSC,M. Mac Mullen,1723827
2741426,DSC,N. Colmenares,43224
2741426,DSC,M. Bianchi,999249
2741416,HYM,M. Mayora,258698
2741416,HYM,I. Xavier,727814
2741416,HYM,F. Haller,15217
2741416,HYM,F. Morales,1765561
2741416,HYM,A. Nation,2486578
2741416,HYM,G. Semiglia,16717
2741416,HYM,S. Zanotta,15259
2741416,HYM,L. Viatri,1675384
2741416,HYM,A. Louis,425204
2741416,HYM,J. Canty,2486580
2741416,COR,K. Higgins,2534719
2741416,COR,B. Beamer,2534720
2741416,COR,T. Leites,983931
2741416,COR,L. Planells,623893
2741416,COR,E. Gonzalez,15216
2741416,COR,V. Clemente Baffuto,2534726
2741416,COR,F. Medina,15257
2741416,COR,P. Rusch,17379
2741424,UUN,E. Holt,1709203
2741424,UUN,N. Bessio,1569431
2741424,UUN,M. Sarni,43252
2741424,UUN,S. Massa,62685
2741424,UUN,B. Curadossi,1714808
2741424,UUN,R. Schellemberg,2549331
2741424,UUN,J. Sacco,1644398
2741424,UUN,A. Moller,1765563
2741424,UUN,T. Daniels,2534742
2741424,UUN,F. Satut Hornos,1457105
2741424,UUN,M. Jounes,1791017
2741424,UUN,M. Benitez,2074488
2741424,GOE,J. Hartwell,2432773
2741424,GOE,E. Bonet,961332
2741424,GOE,M. Oyenard,1567203
2741424,GOE,F. Caballero,2228946
2741424,GOE,F. Verrone,17044
2741424,GOE,J. Terra,2334035
2741424,GOE,A. Irastorza,1977269
2741424,GOE,S. Conceicao,2261706
2741424,GOE,A. Rand,2534732
2741424,GOE,X. Couste,571401
2741424,GOE,F. Rivor,2549327
2741424,GOE,I. Dos Santos,2154756
2741430,DSC,T. Metzger,725720
2741430,DSC,D. Wilson,2486574
2741430,DSC,M. Antunez,1940452
2741430,DSC,M. Zubiaurre,17046
2741430,DSC,F. Terra,191820
2741430,DSC,D. Wright,1981004
2741430,DSC,M. Mac Mullen,1723827
2741430,DSC,N. Colmenares,43224
2741430,DSC,M. Bianchi,999249
2741430,DSC,F. Soto,539387
2741430,UUN,E. Holt,1709203
2741430,UUN,N. Bessio,1569431
2741430,UUN,M. Sarni,43252
2741430,UUN,S. Massa,62685
2741430,UUN,B. Curadossi,1714808
2741430,UUN,M. Rodriguez,1937748
2741430,UUN,J. Sacco,1644398
2741430,UUN,A. Moller,1765563
2741430,UUN,T. Daniels,2534742
2741430,UUN,M. Benitez,2074488
2741420,MAL,R. Abell,2534733
2741420,MAL,M. Romero,16177
2741420,MAL,S. Fernandez,1346396
2741420,MAL,F. Brun,1937721
2741420,MAL,J. Cruz,2534734
2741420,MAL,D. Zekovic,2394559
2741420,MAL,N. Martinez,1645560
2741420,MAL,K. Wachsman,17488
2741420,MAL,O. Medina,17110
2741420,WEL,M. Moore,2486593
2741420,WEL,D. Esparza,2486592
2741420,WEL,G. Barrera,16739
2741420,WEL,R. Previatti,1314581
2741420,WEL,J. Stoll,1645559
2741420,WEL,S. Moglia,16511
2741420,WEL,F. Garcia,1334179
2741420,WEL,D. Pena Garcia,1642407
2741420,WEL,A. Peña,2096885
2741418,UAT,Q. Wilson,2486591
2741418,UAT,T. Prince,2534741
2741418,UAT,L. Gomez,2549330
2741418,UAT,J. Ducasse,208488
2741418,UAT,M. Giano,1338848
2741418,UAT,M. Astramskas,1342734
2741418,UAT,G. Brun,1651515
2741418,UAT,A. Lopez,16807
2741418,UAT,L. Echeverria,2081918
2741418,UAT,I. Ross,2534738
2741418,CAP,O. Rosado,2549194
2741418,CAP,G. Whittington,2486588
2741418,CAP,N. Pomoli,811063
2741418,CAP,E. Serres,17691
2741418,CAP,A. Ibarguen,1975797
2741418,CAP,C. Heilmann,2544008
2741418,CAP,F. Bavosi,17071
2741418,CAP,S. Hogan,1642412
2741418,CAP,S. Vescovi,617418
2741418,CAP,S. Calimares,1509909
2741418,CAP,M. Rojas,258681
2741418,CAP,J. Delgado,2411720
2741422,CNF,A. Mendez,1894506
2741422,CNF,J. Feldeine,2321121
2741422,CNF,E. Bell,2413907
2741422,CNF,M. Cabot,15196
2741422,CNF,L. Parodi,15251
2741422,CNF,P. Gomez,1661038
2741422,CNF,P. Prieto,1722930
2741422,CNF,G. Galeano,1760620
2741422,CNF,B. Barrera,17677
2741422,CNF,G. Espindola,17669
2741422,AGU,M. Fernandez,2158090
2741422,AGU,J. Osimani,15493
2741422,AGU,S. Vidal,14724
2741422,AGU,E. Clark,2534717
2741422,AGU,F. Pereiras,17571
2741422,AGU,J. Rodriguez,1430994
2741422,AGU,J. Santiso,17101
2741422,AGU,A. Gentile,1717089
2741422,AGU,A. Zuvich,17554
2741422,AGU,E. Mockevicius,2534712
2741428,BIG,D. Hicks,2324181
2741428,BIG,S. Ottonello,191795
2741428,BIG,N. Catala,16616
2741428,BIG,J. Duran,2199918
2741428,BIG,T. Rodriguez,1989296
2741428,BIG,G. Iglesias,16857
2741428,BIG,A. Payovich,2214818
2741428,BIG,F. Hassell,1924909
2741428,BIG,M. Espinosa,1942261
2741428,BIG,B. Garcia,16715
2741428,BIG,J. Matos,2534718
2741428,HYM,M. Mayora,258698
2741428,HYM,I. Xavier,727814
2741428,HYM,F. Haller,15217
2741428,HYM,F. Morales,1765561
2741428,HYM,A. Nation,2486578
2741428,HYM,G. Semiglia,16717
2741428,HYM,S. Zanotta,15259
2741428,HYM,L. Viatri,1675384
2741428,HYM,A. Louis,425204
2741428,HYM,J. Canty,2486580
2741439,CAP,O. Rosado,2549194
2741439,CAP,G. Whittington,2486588
2741439,CAP,N. Pomoli,811063
2741439,CAP,E. Serres,17691
2741439,CAP,A. Ibarguen,1975797
2741439,CAP,C. Heilmann,2544008
2741439,CAP,F. Bavosi,17071
2741439,CAP,S. Hogan,1642412
2741439,CAP,S. Vescovi,617418
2741439,CAP,S. Calimares,1509909
2741439,CAP,M. Rojas,258681
2741439,CAP,J. Delgado,2411720
2741439,COR,K. Higgins,2534719
2741439,COR,B. Beamer,2534720
2741439,COR,M. Viazzo,1807060
2741439,COR,T. Leites,983931
2741439,COR,O. Senande,1873515
2741439,COR,L. Planells,623893
2741439,COR,E. Gonzalez,15216
2741439,COR,L. San Sebastian,2549321
2741439,COR,M. Schell,2134158
2741439,COR,V. Clemente Baffuto,2534726
2741439,COR,F. Medina,15257
2741439,COR,P. Rusch,17379
2741435,WEL,M. Moore,2486593
2741435,WEL,D. Esparza,2486592
2741435,WEL,G. Barrera,16739
2741435,WEL,R. Previatti,1314581
2741435,WEL,J. Stoll,1645559
2741435,WEL,S. Moglia,16511
2741435,WEL,F. Garcia,1334179
2741435,WEL,D. Pena Garcia,1642407
2741435,WEL,A. Peña,2096885
2741435,UAT,Q. Wilson,2486591
2741435,UAT,T. Prince,2534741
2741435,UAT,L. Gomez,2549330
2741435,UAT,J. Ducasse,208488
2741435,UAT,M. Giano,1338848
2741435,UAT,M. Astramskas,1342734
2741435,UAT,G. Brun,1651515
2741435,UAT,A. Lopez,16807
2741435,UAT,I. Ross,2534738
2741431,GOE,J. Hartwell,2432773
2741431,GOE,E. Bonet,961332
2741431,GOE,M. Oyenard,1567203
2741431,GOE,F. Verrone,17044
2741431,GOE,A. Irastorza,1977269
2741431,GOE,S. Conceicao,2261706
2741431,GOE,D. Nesbitt,348404
2741431,GOE,X. Couste,571401
2741431,GOE,I. Dos Santos,2154756
2741431,CNF,G. Galeano,1760620
2741431,CNF,A. Mendez,1894506
2741431,CNF,J. Feldeine,2321121
2741431,CNF,E. Bell,2413907
2741431,CNF,M. Cabot,15196
2741431,CNF,L. Parodi,15251
2741431,CNF,P. Gomez,1661038
2741431,CNF,P. Prieto,1722930
2741431,CNF,E. Superi,2150245
2741431,CNF,C. Zinaich,2386709
2741431,CNF,B. Barrera,17677
2741431,CNF,G. Espindola,17669
2741433,AGU,M. Fernandez,2158090
2741433,AGU,J. Osimani,15493
2741433,AGU,S. Vidal,14724
2741433,AGU,E. Clark,2534717
2741433,AGU,F. Pereiras,17571
2741433,AGU,T. Barragan,2337281
2741433,AGU,J. Rodriguez,1430994
2741433,AGU,J. Santiso,17101
2741433,AGU,A. Gentile,1717089
2741433,AGU,A. Zuvich,17554
2741433,AGU,I. Ramirez,2549320
2741433,AGU,E. Mockevicius,2534712
2741433,MAL,R. Abell,2534733
2741433,MAL,E. Espinosa,2156021
2741433,MAL,C. Gagliano,1983439
2741433,MAL,M. Romero,16177
2741433,MAL,S. Fernandez,1346396
2741433,MAL,J. Cruz,2534734
2741433,MAL,D. Zekovic,2394559
2741433,MAL,N. Martinez,1645560
2741433,MAL,K. Wachsman,17488
2741433,MAL,O. Medina,17110
2741432,UUN,E. Holt,1709203
2741432,UUN,N. Bessio,1569431
2741432,UUN,M. Sarni,43252
2741432,UUN,S. Massa,62685
2741432,UUN,B. Curadossi,1714808
2741432,UUN,M. Rodriguez,1937748
2741432,UUN,J. Sacco,1644398
2741432,UUN,A. Moller,1765563
2741432,UUN,E. Demers,2534746
2741432,UUN,T. Daniels,2534742
2741432,UUN,M. Jounes,1791017
2741432,UUN,M. Benitez,2074488
2741432,BIG,D. Hicks,2324181
2741432,BIG,S. Ottonello,191795
2741432,BIG,N. Catala,16616
2741432,BIG,T. Rodriguez,1989296
2741432,BIG,G. Iglesias,16857
2741432,BIG,A. Payovich,2214818
2741432,BIG,F. Hassell,1924909
2741432,BIG,M. Espinosa,1942261
2741432,BIG,B. Garcia,16715
2741432,BIG,J. Matos,2534718
2741443,COR,B. Beamer,2534720
2741443,COR,M. Viazzo,1807060
2741443,COR,A. Gilder Jr,2577763
2741443,COR,T. Leites,983931
2741443,COR,O. Senande,1873515
2741443,COR,L. Planells,623893
2741443,COR,E. Gonzalez,15216
2741443,COR,S. Garcia,2232160
2741443,COR,M. Schell,2134158
2741443,COR,V. Clemente Baffuto,2534726
2741443,COR,F. Medina,15257
2741443,COR,P. Rusch,17379
2741443,WEL,M. Moore,2486593
2741443,WEL,D. Esparza,2486592
2741443,WEL,G. Barrera,16739
2741443,WEL,R. Previatti,1314581
2741443,WEL,J. Stoll,1645559
2741443,WEL,S. Moglia,16511
2741443,WEL,F. Garcia,1334179
2741443,WEL,D. Pena Garcia,1642407
2741443,WEL,A. Peña,2096885
2741442,UAT,Q. Wilson,2486591
2741442,UAT,T. Prince,2534741
2741442,UAT,J. Ducasse,208488
2741442,UAT,M. Giano,1338848
2741442,UAT,M. Astramskas,1342734
2741442,UAT,G. Brun,1651515
2741442,UAT,A. Lopez,16807
2741442,UAT,I. Ross,2534738
2741442,AGU,M. Fernandez,2158090
2741442,AGU,S. Vidal,14724
2741442,AGU,E. Clark,2534717
2741442,AGU,F. Pereiras,17571
2741442,AGU,J. Rodriguez,1430994
2741442,AGU,J. Santiso,17101
2741442,AGU,A. Gentile,1717089
2741442,AGU,A. Zuvich,17554
2741442,AGU,E. Mockevicius,2534712
2741447,MAL,R. Abell,2534733
2741447,MAL,M. Romero,16177
2741447,MAL,S. Fernandez,1346396
2741447,MAL,J. Cruz,2534734
2741447,MAL,D. Zekovic,2394559
2741447,MAL,N. Martinez,1645560
2741447,MAL,K. Wachsman,17488
2741447,MAL,O. Medina,17110
2741447,GOE,E. Bonet,961332
2741447,GOE,J. Josiah,1987397
2741447,GOE,M. Oyenard,1567203
2741447,GOE,F. Verrone,17044
2741447,GOE,A. Acosta,16508
2741447,GOE,S. Conceicao,2261706
2741447,GOE,D. Nesbitt,348404
2741447,GOE,X. Couste,571401
2741448,CNF,G. Galeano,1760620
2741448,CNF,A. Mendez,1894506
2741448,CNF,J. Feldeine,2321121
2741448,CNF,E. Bell,2413907
2741448,CNF,M. Cabot,15196
2741448,CNF,L. Parodi,15251
2741448,CNF,P. Gomez,1661038
2741448,CNF,P. Prieto,1722930
2741448,CNF,E. Superi,2150245
2741448,CNF,C. Zinaich,2386709
2741448,CNF,B. Barrera,17677
2741448,CNF,G. Espindola,17669
2741448,DSC,T. Metzger,725720
2741448,DSC,D. Wilson,2486574
2741448,DSC,G. Rodriguez,2405599
2741448,DSC,M. Antunez,1940452
2741448,DSC,B. Gomez,2243963
2741448,DSC,M. Zubiaurre,17046
2741448,DSC,F. Terra,191820
2741448,DSC,D. Wright,1981004
2741448,DSC,M. Mac Mullen,1723827
2741448,DSC,N. Colmenares,43224
2741448,DSC,M. Bianchi,999249
2741448,DSC,F. Soto,539387
2741436,BIG,D. Hicks,2324181
2741436,BIG,S. Ottonello,191795
2741436,BIG,N. Catala,16616
2741436,BIG,T. Rodriguez,1989296
2741436,BIG,G. Iglesias,16857
2741436,BIG,A. Payovich,2214818
2741436,BIG,F. Hassell,1924909
2741436,BIG,M. Espinosa,1942261
2741436,BIG,B. Garcia,16715
2741436,BIG,J. Matos,2534718
2741436,CNF,G. Galeano,1760620
2741436,CNF,A. Mendez,1894506
2741436,CNF,J. Feldeine,2321121
2741436,CNF,E. Bell,2413907
2741436,CNF,M. Cabot,15196
2741436,CNF,L. Parodi,15251
2741436,CNF,P. Prieto,1722930
2741436,CNF,E. Superi,2150245
2741436,CNF,C. Zinaich,2386709
2741436,CNF,B. Barrera,17677
2741436,CNF,G. Espindola,17669
2741436,CNF,L. Bennett,1937775
2741434,UUN,E. Holt,1709203
2741434,UUN,N. Bessio,1569431
2741434,UUN,M. Sarni,43252
2741434,UUN,S. Massa,62685
2741434,UUN,B. Curadossi,1714808
2741434,UUN,J. Sacco,1644398
2741434,UUN,A. Moller,1765563
2741434,UUN,E. Demers,2534746
2741434,UUN,T. Daniels,2534742
2741434,UUN,M. Jounes,1791017
2741434,UUN,M. Benitez,2074488
2741434,HYM,M. Mayora,258698
2741434,HYM,I. Xavier,727814
2741434,HYM,F. Haller,15217
2741434,HYM,A. Nation,2486578
2741434,HYM,G. Semiglia,16717
2741434,HYM,S. Zanotta,15259
2741434,HYM,L. Viatri,1675384
2741434,HYM,A. Louis,425204
2741434,HYM,J. Canty,2486580
2741446,WEL,M. Moore,2486593
2741446,WEL,D. Esparza,2486592
2741446,WEL,G. Barrera,16739
2741446,WEL,R. Previatti,1314581
2741446,WEL,F. Giovanetti,2334029
2741446,WEL,J. Stoll,1645559
2741446,WEL,S. Moglia,16511
2741446,WEL,F. Garcia,1334179
2741446,WEL,S. Martinez,2377994
2741446,WEL,D. Pena Garcia,1642407
2741446,WEL,A. Peña,2096885
2741446,WEL,F. Sosa,2077420
2741446,CAP,O. Rosado,2549194
2741446,CAP,G. Whittington,2486588
2741446,CAP,N. Pomoli,811063
2741446,CAP,L. Quiñones,2134181
2741446,CAP,A. Ibarguen,1975797
2741446,CAP,C. Heilmann,2544008
2741446,CAP,F. Bavosi,17071
2741446,CAP,S. Hogan,1642412
2741446,CAP,S. Vescovi,617418
2741446,CAP,S. Calimares,1509909
2741446,CAP,M. Rojas,258681
2741446,CAP,J. Delgado,2411720
2741445,GOE,E. Bonet,961332
2741445,GOE,J. Josiah,1987397
2741445,GOE,M. Oyenard,1567203
2741445,GOE,F. Verrone,17044
2741445,GOE,A. Acosta,16508
2741445,GOE,A. Irastorza,1977269
2741445,GOE,S. Conceicao,2261706
2741445,GOE,D. Nesbitt,348404
2741445,GOE,X. Couste,571401
2741445,GOE,I. Dos Santos,2154756
2741445,UAT,Q. Wilson,2486591
2741445,UAT,T. Prince,2534741
2741445,UAT,J. Ducasse,208488
2741445,UAT,I. Loriente,14735
2741445,UAT,M. Giano,1338848
2741445,UAT,G. Brun,1651515
2741445,UAT,A. Lopez,16807
2741445,UAT,I. Ross,2534738
2741441,AGU,M. Fernandez,2158090
2741441,AGU,T. Barragan,2337281
2741441,AGU,S. Vidal,14724
2741441,AGU,E. Clark,2534717
2741441,AGU,F. Pereiras,17571
2741441,AGU,B. Traversa,2549110
2741441,AGU,J. Rodriguez,1430994
2741441,AGU,J. Santiso,17101
2741441,AGU,A. Gentile,1717089
2741441,AGU,A. Zuvich,17554
2741441,AGU,V. Acuña,2222567
2741441,AGU,E. Mockevicius,2534712
2741441,COR,B. Beamer,2534720
2741441,COR,M. Viazzo,1807060
2741441,COR,A. Glider,2577763
2741441,COR,T. Leites,983931
2741441,COR,O. Senande,1873515
2741441,COR,L. Planells,623893
2741441,COR,E. Gonzalez,15216
2741441,COR,J. Agostini,2549323
2741441,COR,T. Charbonnier,2411715
2741441,COR,V. Clemente Baffuto,2534726
2741441,COR,F. Medina,15257
2741441,COR,P. Rusch,17379
2741444,DSC,T. Metzger,725720
2741444,DSC,D. Wilson,2486574
2741444,DSC,M. Zubiaurre,17046
2741444,DSC,F. Terra,191820
2741444,DSC,D. Wright,1981004
2741444,DSC,M. Mac Mullen,1723827
2741444,DSC,N. Colmenares,43224
2741444,DSC,M. Bianchi,999249
2741444,DSC,F. Soto,539387
2741444,MAL,R. Abell,2534733
2741444,MAL,M. Romero,16177
2741444,MAL,S. Fernandez,1346396
2741444,MAL,J. Cruz,2534734
2741444,MAL,D. Zekovic,2394559
2741444,MAL,N. Martinez,1645560
2741444,MAL,K. Wachsman,17488
2741444,MAL,O. Medina,17110
2741450,HYM,M. Mayora,258698
2741450,HYM,I. Xavier,727814
2741450,HYM,F. Haller,15217
2741450,HYM,F. Morales,1765561
2741450,HYM,A. Nation,2486578
2741450,HYM,G. Semiglia,16717
2741450,HYM,T. Bentancour,1945674
2741450,HYM,S. Zanotta,15259
2741450,HYM,L. Viatri,1675384
2741450,HYM,A. Hazan,2345182
2741450,HYM,A. Louis,425204
2741450,HYM,J. Canty,2486580
2741450,WEL,M. Moore,2486593
2741450,WEL,C. Mc Evans,2585672
2741450,WEL,G. Barrera,16739
2741450,WEL,R. Previatti,1314581
2741450,WEL,J. Stoll,1645559
2741450,WEL,S. Moglia,16511
2741450,WEL,F. Garcia,1334179
2741450,WEL,R. Cardozo,16985
2741450,WEL,D. Pena Garcia,1642407
2741450,WEL,A. Peña,2096885
2741450,WEL,F. Sosa,2077420
2741450,WEL,T. Segui,2386796
2741453,MAL,R. Abell,2534733
2741453,MAL,M. Romero,16177
2741453,MAL,S. Fernandez,1346396
2741453,MAL,J. Cruz,2534734
2741453,MAL,D. Zekovic,2394559
2741453,MAL,N. Martinez,1645560
2741453,MAL,K. Wachsman,17488
2741453,MAL,O. Medina,17110
2741453,BIG,D. Hicks,2324181
2741453,BIG,S. Ottonello,191795
2741453,BIG,N. Catala,16616
2741453,BIG,T. Rodriguez,1989296
2741453,BIG,G. Iglesias,16857
2741453,BIG,A. Payovich,2214818
2741453,BIG,F. Hassell,1924909
2741453,BIG,M. Espinosa,1942261
2741453,BIG,B. Garcia,16715
2741453,BIG,J. Matos,2534718
2741457,CNF,L. Imas,2225721
2741457,CNF,A. Mendez,1894506
2741457,CNF,J. Feldeine,2321121
2741457,CNF,E. Bell,2413907
2741457,CNF,M. Cabot,15196
2741457,CNF,L. Parodi,15251
2741457,CNF,P. Prieto,1722930
2741457,CNF,E. Superi,2150245
2741457,CNF,C. Zinaich,2386709
2741457,CNF,B. Barrera,17677
2741457,CNF,G. Espindola,17669
2741457,CNF,G. Galeano,1760620
2741457,UUN,E. Holt,1709203
2741457,UUN,N. Bessio,1569431
2741457,UUN,M. Sarni,43252
2741457,UUN,S. Massa,62685
2741457,UUN,B. Curadossi,1714808
2741457,UUN,M. Rodriguez,1937748
2741457,UUN,J. Sacco,1644398
2741457,UUN,A. Moller,1765563
2741457,UUN,E. Demers,2534746
2741457,UUN,T. Daniels,2534742
2741457,UUN,M. Benitez,2074488
2741449,UAT,Q. Wilson,2486591
2741449,UAT,T. Prince,2534741
2741449,UAT,J. Ducasse,208488
2741449,UAT,I. Loriente,14735
2741449,UAT,M. Giano,1338848
2741449,UAT,G. Brun,1651515
2741449,UAT,A. Lopez,16807
2741449,UAT,I. Ross,2534738
2741449,DSC,T. Metzger,725720
2741449,DSC,M. Antunez,1940452
2741449,DSC,M. Zubiaurre,17046
2741449,DSC,F. Terra,191820
2741449,DSC,D. Wright,1981004
2741449,DSC,M. Mac Mullen,1723827
2741449,DSC,N. Colmenares,43224
2741449,DSC,M. Bianchi,999249
2741449,DSC,F. Soto,539387
2741454,CAP,G. Whittington,2486588
2741454,CAP,N. Pomoli,811063
2741454,CAP,A. Ibarguen,1975797
2741454,CAP,C. Heilmann,2544008
2741454,CAP,F. Bavosi,17071
2741454,CAP,S. Hogan,1642412
2741454,CAP,S. Vescovi,617418
2741454,CAP,S. Calimares,1509909
2741454,CAP,M. Rojas,258681
2741454,AGU,M. Fernandez,2158090
2741454,AGU,S. Vidal,14724
2741454,AGU,E. Clark,2534717
2741454,AGU,F. Pereiras,17571
2741454,AGU,J. Rodriguez,1430994
2741454,AGU,J. Santiso,17101
2741454,AGU,A. Gentile,1717089
2741454,AGU,A. Zuvich,17554
2741451,COR,B. Beamer,2534720
2741451,COR,A. Glider,2577763
2741451,COR,T. Leites,983931
2741451,COR,L. Planells,623893
2741451,COR,E. Gonzalez,15216
2741451,COR,V. Clemente Baffuto,2534726
2741451,COR,F. Medina,15257
2741451,COR,P. Rusch,17379
2741451,GOE,E. Bonet,961332
2741451,GOE,J. Josiah,1987397
2741451,GOE,M. Oyenard,1567203
2741451,GOE,F. Verrone,17044
2741451,GOE,A. Acosta,16508
2741451,GOE,A. Irastorza,1977269
2741451,GOE,S. Conceicao,2261706
2741451,GOE,D. Nesbitt,348404
2741451,GOE,X. Couste,571401
2741459,AGU,M. Fernandez,2158090
2741459,AGU,T. Barragan,2337281
2741459,AGU,S. Vidal,14724
2741459,AGU,E. Clark,2534717
2741459,AGU,F. Pereiras,17571
2741459,AGU,B. Traversa,2549110
2741459,AGU,J. Rodriguez,1430994
2741459,AGU,J. Santiso,17101
2741459,AGU,A. Gentile,1717089
2741459,AGU,A. Zuvich,17554
2741459,AGU,V. Acuña,2222567
2741459,AGU,E. Mockevicius,2534712
2741459,WEL,M. Moore,2486593
2741459,WEL,C. Mc Evans,2585672
2741459,WEL,G. Barrera,16739
2741459,WEL,R. Previatti,1314581
2741459,WEL,M. Prota,2334033
2741459,WEL,J. Stoll,1645559
2741459,WEL,S. Moglia,16511
2741459,WEL,F. Garcia,1334179
2741459,WEL,R. Cardozo,16985
2741459,WEL,D. Pena Garcia,1642407
2741459,WEL,A. Peña,2096885
2741459,WEL,F. Sosa,2077420
2741452,CNF,L. Imas,2225721
2741452,CNF,A. Mendez,1894506
2741452,CNF,J. Feldeine,2321121
2741452,CNF,E. Bell,2413907
2741452,CNF,M. Cabot,15196
2741452,CNF,L. Parodi,15251
2741452,CNF,P. Prieto,1722930
2741452,CNF,E. Superi,2150245
2741452,CNF,C. Zinaich,2386709
2741452,CNF,B. Barrera,17677
2741452,CNF,G. Espindola,17669
2741452,CNF,J. Galeano,1760620
2741452,HYM,M. Mayora,258698
2741452,HYM,I. Xavier,727814
2741452,HYM,F. Haller,15217
2741452,HYM,F. Morales,1765561
2741452,HYM,A. Nation,2486578
2741452,HYM,G. Semiglia,16717
2741452,HYM,S. Zanotta,15259
2741452,HYM,A. Louis,425204
2741452,HYM,J. Canty,2486580
2741456,BIG,D. Hicks,2324181
2741456,BIG,S. Ottonello,191795
2741456,BIG,N. Catala,16616
2741456,BIG,J. Duran,2199918
2741456,BIG,T. Rodriguez,1989296
2741456,BIG,G. Iglesias,16857
2741456,BIG,A. Payovich,2214818
2741456,BIG,F. Hassell,1924909
2741456,BIG,M. Espinosa,1942261
2741456,BIG,B. Garcia,16715
2741456,BIG,J. Matos,2534718
2741456,UAT,Q. Wilson,2486591
2741456,UAT,T. Prince,2534741
2741456,UAT,J. Ducasse,208488
2741456,UAT,M. Giano,1338848
2741456,UAT,M. Astramskas,1342734
2741456,UAT,G. Brun,1651515
2741456,UAT,A. Lopez,16807
2741456,UAT,I. Ross,2534738
2741461,DSC,T. Metzger,725720
2741461,DSC,E. Weaver,2589974
2741461,DSC,M. Antunez,1940452
2741461,DSC,B. Gomez,2243963
2741461,DSC,M. Zubiaurre,17046
2741461,DSC,F. Terra,191820
2741461,DSC,D. Wright,1981004
2741461,DSC,M. Mac Mullen,1723827
2741461,DSC,F. De Leon,2383405
2741461,DSC,N. Colmenares,43224
2741461,DSC,M. Bianchi,999249
2741461,DSC,F. Soto,539387
2741461,COR,B. Beamer,2534720
2741461,COR,M. Viazzo,1807060
2741461,COR,A. Glider,2577763
2741461,COR,T. Leites,983931
2741461,COR,O. Senande,1873515
2741461,COR,L. Planells,623893
2741461,COR,E. Gonzalez,15216
2741461,COR,T. Charbonnier,2411715
2741461,COR,V. Clemente Baffuto,2534726
2741461,COR,F. Medina,15257
2741461,COR,P. Rusch,17379
2741455,UUN,E. Holt,1709203
2741455,UUN,N. Bessio,1569431
2741455,UUN,M. Sarni,43252
2741455,UUN,S. Massa,62685
2741455,UUN,B. Curadossi,1714808
2741455,UUN,J. Sacco,1644398
2741455,UUN,A. Moller,1765563
2741455,UUN,E. Demers,2534746
2741455,UUN,T. Daniels,2534742
2741455,UUN,M. Benitez,2074488
2741455,MAL,R. Abell,2534733
2741455,MAL,M. Romero,16177
2741455,MAL,S. Fernandez,1346396
2741455,MAL,J. Cruz,2534734
2741455,MAL,D. Zekovic,2394559
2741455,MAL,N. Martinez,1645560
2741455,MAL,K. Wachsman,17488
2741455,MAL,O. Medina,17110
2741458,GOE,E. Bonet,961332
2741458,GOE,J. Josiah,1987397
2741458,GOE,M. Oyenard,1567203
2741458,GOE,F. Verrone,17044
2741458,GOE,A. Acosta,16508
2741458,GOE,A. Irastorza,1977269
2741458,GOE,S. Conceicao,2261706
2741458,GOE,D. Nesbitt,348404
2741458,GOE,X. Couste,571401
2741458,CAP,G. Whittington,2486588
2741458,CAP,N. Pomoli,811063
2741458,CAP,N. Lema,1676246
2741458,CAP,A. Ibarguen,1975797
2741458,CAP,F. Bavosi,17071
2741458,CAP,S. Hogan,1642412
2741458,CAP,S. Vescovi,617418
2741458,CAP,S. Calimares,1509909
2741458,CAP,M. Rojas,258681
2741460,HYM,M. Mayora,258698
2741460,HYM,I. Xavier,727814
2741460,HYM,F. Haller,15217
2741460,HYM,F. Morales,1765561
2741460,HYM,A. Nation,2486578
2741460,HYM,G. Semiglia,16717
2741460,HYM,S. Zanotta,15259
2741460,HYM,A. Louis,425204
2741460,HYM,J. Canty,2486580
2741460,AGU,M. Fernandez,2158090
2741460,AGU,S. Vidal,14724
2741460,AGU,E. Clark,2534717
2741460,AGU,F. Pereiras,17571
2741460,AGU,J. Rodriguez,1430994
2741460,AGU,J. Santiso,17101
2741460,AGU,A. Gentile,1717089
2741460,AGU,M. Simon,2197574
2741460,AGU,A. Zuvich,17554
2741470,COR,A. Gilder Jr.,2577763
2741470,COR,T. Leites,983931
2741470,COR,L. Planells,623893
2741470,COR,V. Andrade,2255313
2741470,COR,E. Gonzalez,15216
2741470,COR,M. Schell,2134158
2741470,COR,F. Medina,15257
2741470,COR,P. Rusch,17379
2741470,BIG,D. Hicks,2324181
2741470,BIG,S. Ottonello,191795
2741470,BIG,N. Catala,16616
2741470,BIG,T. Rodriguez,1989296
2741470,BIG,G. Iglesias,16857
2741470,BIG,F. Hassell,1924909
2741470,BIG,M. Espinosa,1942261
2741470,BIG,B. Garcia,16715
2741470,BIG,J. Matos,2534718
2741476,MAL,R. Abell,2534733
2741476,MAL,M. Romero,16177
2741476,MAL,S. Fernandez,1346396
2741476,MAL,J. Cruz,2534734
2741476,MAL,D. Zekovic,2394559
2741476,MAL,N. Martinez,1645560
2741476,MAL,K. Wachsman,17488
2741476,MAL,O. Medina,17110
2741476,CNF,J. Galeano,1760620
2741476,CNF,A. Mendez,1894506
2741476,CNF,J. Feldeine,2321121
2741476,CNF,E. Bell,2413907
2741476,CNF,M. Cabot,15196
2741476,CNF,L. Parodi,15251
2741476,CNF,P. Prieto,1722930
2741476,CNF,C. Zinaich,2386709
2741476,CNF,B. Barrera,17677
2741476,CNF,G. Espindola,17669
2741463,WEL,M. Moore,2486593
2741463,WEL,C. Mc Evans,2585672
2741463,WEL,G. Barrera,16739
2741463,WEL,R. Previatti,1314581
2741463,WEL,J. Stoll,1645559
2741463,WEL,S. Moglia,16511
2741463,WEL,F. Garcia,1334179
2741463,WEL,R. Cardozo,16985
2741463,WEL,D. Pena Garcia,1642407
2741463,WEL,A. Peña,2096885
2741463,GOE,E. Bonet,961332
2741463,GOE,J. Josiah,1987397
2741463,GOE,M. Oyenard,1567203
2741463,GOE,F. Caballero,2228946
2741463,GOE,F. Verrone,17044
2741463,GOE,J. Terra,2334035
2741463,GOE,A. Acosta,16508
2741463,GOE,A. Irastorza,1977269
2741463,GOE,S. Conceicao,2261706
2741463,GOE,D. Nesbitt,348404
2741463,GOE,X. Couste,571401
2741463,GOE,I. Dos Santos,2154756
2741472,UAT,Q. Wilson,2486591
2741472,UAT,T. Prince,2534741
2741472,UAT,J. Ducasse,208488
2741472,UAT,M. Giano,1338848
2741472,UAT,M. Astramskas,1342734
2741472,UAT,G. Brun,1651515
2741472,UAT,A. Lopez,16807
2741472,UAT,I. Ross,2534738
2741472,UUN,E. Holt,1709203
2741472,UUN,N. Bessio,1569431
2741472,UUN,M. Sarni,43252
2741472,UUN,S. Massa,62685
2741472,UUN,B. Curadossi,1714808
2741472,UUN,F. Moleda,2325518
2741472,UUN,J. Sacco,1644398
2741472,UUN,A. Moller,1765563
2741472,UUN,E. Demers,2534746
2741472,UUN,T. Daniels,2534742
2741472,UUN,M. Jounes,1791017
2741472,UUN,M. Benitez,2074488
2741485,BIG,D. Hicks,2324181
2741485,BIG,S. Ottonello,191795
2741485,BIG,N. Catala,16616
2741485,BIG,T. Rodriguez,1989296
2741485,BIG,G. Iglesias,16857
2741485,BIG,A. Payovich,2214818
2741485,BIG,F. Hassell,1924909
2741485,BIG,M. Espinosa,1942261
2741485,BIG,B. Garcia,16715
2741485,BIG,J. Matos,2534718
2741485,CAP,N. Pomoli,811063
2741485,CAP,N. Lema,1676246
2741485,CAP,A. Ibarguen,1975797
2741485,CAP,C. Heilmann,2544008
2741485,CAP,F. Bavosi,17071
2741485,CAP,S. Hogan,1642412
2741485,CAP,S. Vescovi,617418
2741485,CAP,S. Calimares,1509909
2741485,CAP,M. Rojas,258681
2741485,CAP,J. Delgado,2411720
2741478,MAL,R. Abell,2534733
2741478,MAL,M. Romero,16177
2741478,MAL,S. Fernandez,1346396
2741478,MAL,J. Cruz,2534734
2741478,MAL,D. Zekovic,2394559
2741478,MAL,N. Martinez,1645560
2741478,MAL,K. Wachsman,17488
2741478,MAL,O. Medina,17110
2741478,HYM,M. Mayora,258698
2741478,HYM,I. Xavier,727814
2741478,HYM,F. Haller,15217
2741478,HYM,F. Morales,1765561
2741478,HYM,A. Nation,2486578
2741478,HYM,S. Zanotta,15259
2741478,HYM,A. Louis,425204
2741478,HYM,J. Canty,2486580
2741464,GOE,E. Bonet,961332
2741464,GOE,M. Oyenard,1567203
2741464,GOE,F. Verrone,17044
2741464,GOE,A. Acosta,16508
2741464,GOE,A. Irastorza,1977269
2741464,GOE,S. Conceicao,2261706
2741464,GOE,D. Nesbitt,348404
2741464,GOE,X. Couste,571401
2741464,GOE,I. Dos Santos,2154756
2741464,AGU,M. Fernandez,2158090
2741464,AGU,S. Vidal,14724
2741464,AGU,E. Clark,2534717
2741464,AGU,F. Pereiras,17571
2741464,AGU,B. Traversa,2549110
2741464,AGU,J. Rodriguez,1430994
2741464,AGU,J. Santiso,17101
2741464,AGU,A. Gentile,1717089
2741464,AGU,M. Simon,2197574
2741464,AGU,T. Barragan,2337281
2741464,AGU,A. Zuvich,17554
2741464,AGU,V. Acuña,2222567
2741482,CNF,J. Galeano,1760620
2741482,CNF,A. Mendez,1894506
2741482,CNF,J. Feldeine,2321121
2741482,CNF,E. Bell,2413907
2741482,CNF,M. Cabot,15196
2741482,CNF,L. Parodi,15251
2741482,CNF,P. Prieto,1722930
2741482,CNF,E. Superi,2150245
2741482,CNF,C. Zinaich,2386709
2741482,CNF,B. Barrera,17677
2741482,CNF,G. Espindola,17669
2741482,CNF,L. Bennett,1937775
2741482,UAT,Q. Wilson,2486591
2741482,UAT,T. Prince,2534741
2741482,UAT,J. Ducasse,208488
2741482,UAT,G. Souza,968070
2741482,UAT,M. Giano,1338848
2741482,UAT,M. Astramskas,1342734
2741482,UAT,G. Brun,1651515
2741482,UAT,A. Lopez,16807
2741482,UAT,I. Ross,2534738
2741484,UUN,E. Holt,1709203
2741484,UUN,N. Bessio,1569431
2741484,UUN,M. Sarni,43252
2741484,UUN,S. Massa,62685
2741484,UUN,B. Curadossi,1714808
2741484,UUN,F. Moleda,2325518
2741484,UUN,J. Sacco,1644398
2741484,UUN,A. Moller,1765563
2741484,UUN,E. Demers,2534746
2741484,UUN,T. Daniels,2534742
2741484,UUN,M. Jounes,1791017
2741484,COR,B. Beamer,2534720
2741484,COR,M. Viazzo,1807060
2741484,COR,A. Gilder Jr.,2577763
2741484,COR,T. Leites,983931
2741484,COR,O. Senande,1873515
2741484,COR,L. Planells,623893
2741484,COR,V. Andrade,2255313
2741484,COR,E. Gonzalez,15216
2741484,COR,S. Garcia,2232160
2741484,COR,F. Medina,15257
2741484,COR,P. Rusch,17379
2741466,CAP,N. Pomoli,811063
2741466,CAP,N. Lema,1676246
2741466,CAP,A. Ibarguen,1975797
2741466,CAP,C. Heilmann,2544008
2741466,CAP,F. Bavosi,17071
2741466,CAP,S. Hogan,1642412
2741466,CAP,S. Vescovi,617418
2741466,CAP,S. Calimares,1509909
2741466,CAP,M. Rojas,258681
2741466,DSC,T. Metzger,725720
2741466,DSC,E. Weaver,2589974
2741466,DSC,M. Zubiaurre,17046
2741466,DSC,F. Terra,191820
2741466,DSC,D. Wright,1981004
2741466,DSC,M. Mac Mullen,1723827
2741466,DSC,N. Colmenares,43224
2741466,DSC,M. Bianchi,999249
2741466,DSC,F. Soto,539387
2741481,COR,B. Beamer,2534720
2741481,COR,T. Araujo,1375364
2741481,COR,M. Viazzo,1807060
2741481,COR,A. Gilder Jr.,2577763
2741481,COR,T. Leites,983931
2741481,COR,O. Senande,1873515
2741481,COR,L. Planells,623893
2741481,COR,V. Andrade,2255313
2741481,COR,E. Gonzalez,15216
2741481,COR,M. Macias,2549322
2741481,COR,F. Medina,15257
2741481,COR,P. Rusch,17379
2741481,CNF,J. Galeano,1760620
2741481,CNF,A. Mendez,1894506
2741481,CNF,J. Feldeine,2321121
2741481,CNF,L. Parodi,15251
2741481,CNF,P. Gomez,1661038
2741481,CNF,P. Prieto,1722930
2741481,CNF,E. Superi,2150245
2741481,CNF,E. Oglivie,17628
2741481,CNF,C. Zinaich,2386709
2741481,CNF,B. Barrera,17677
2741481,CNF,G. Espindola,17669
2741481,CNF,L. Bennett,1937775
2741475,CAP,O. Rosado,2549194
2741475,CAP,N. Pomoli,811063
2741475,CAP,E. Serres,17691
2741475,CAP,N. Lema,1676246
2741475,CAP,A. Ibarguen,1975797
2741475,CAP,F. Bavosi,17071
2741475,CAP,S. Hogan,1642412
2741475,CAP,E. Romero,2178363
2741475,CAP,S. Calimares,1509909
2741475,CAP,M. Rojas,258681
2741475,UUN,E. Holt,1709203
2741475,UUN,N. Bessio,1569431
2741475,UUN,M. Sarni,43252
2741475,UUN,S. Massa,62685
2741475,UUN,B. Curadossi,1714808
2741475,UUN,F. Moleda,2325518
2741475,UUN,M. Rodriguez,1937748
2741475,UUN,E. Demers,2534746
2741475,UUN,T. Daniels,2534742
2741475,UUN,M. Jounes,1791017
2741475,UUN,M. Benitez,2074488
2741473,WEL,C. Mc Evans,2585672
2741473,WEL,G. Barrera,16739
2741473,WEL,J. Stoll,1645559
2741473,WEL,S. Moglia,16511
2741473,WEL,F. Garcia,1334179
2741473,WEL,R. Hassan,312957
2741473,WEL,A. Arevalo,909792
2741473,WEL,D. Pena Garcia,1642407
2741473,WEL,A. Peña,2096885
2741473,BIG,D. Hicks,2324181
2741473,BIG,S. Ottonello,191795
2741473,BIG,N. Catala,16616
2741473,BIG,J. Duran,2199918
2741473,BIG,T. Rodriguez,1989296
2741473,BIG,G. Iglesias,16857
2741473,BIG,F. Hassell,1924909
2741473,BIG,M. Espinosa,1942261
2741473,BIG,B. Garcia,16715
2741473,BIG,J. Matos,2534718
2741467,HYM,M. Mayora,258698
2741467,HYM,G. Volcan,2212601
2741467,HYM,I. Xavier,727814
2741467,HYM,F. Haller,15217
2741467,HYM,F. Morales,1765561
2741467,HYM,A. Nation,2486578
2741467,HYM,T. Bentancour,1945674
2741467,HYM,S. Zanotta,15259
2741467,HYM,A. Hazan,2345182
2741467,HYM,A. Louis,425204
2741467,HYM,S. Chanes,2345184
2741467,HYM,J. Canty,2486580
2741467,GOE,E. Bonet,961332
2741467,GOE,J. Josiah,1987397
2741467,GOE,M. Oyenard,1567203
2741467,GOE,F. Caballero,2228946
2741467,GOE,F. Verrone,17044
2741467,GOE,A. Acosta,16508
2741467,GOE,A. Irastorza,1977269
2741467,GOE,J. Strings,2288279
2741467,GOE,A. Pruitt,1871466
2741467,GOE,X. Couste,571401
2741467,GOE,I. Dos Santos,2154756
2741467,GOE,F. Gastaldi,2549326
2741479,UAT,Q. Wilson,2486591
2741479,UAT,T. Prince,2534741
2741479,UAT,J. Ducasse,208488
2741479,UAT,M. Giano,1338848
2741479,UAT,M. Astramskas,1342734
2741479,UAT,G. Souza,968070
2741479,UAT,C. Alaekwe,2603089
2741479,UAT,G. Brun,1651515
2741479,UAT,A. Lopez,16807
2741479,MAL,R. Abell,2534733
2741479,MAL,M. Romero,16177
2741479,MAL,N. Rodriguez,1796527
2741479,MAL,S. Fernandez,1346396
2741479,MAL,F. Brun,1937721
2741479,MAL,J. Cruz,2534734
2741479,MAL,D. Zekovic,2394559
2741479,MAL,N. Martinez,1645560
2741479,MAL,K. Wachsman,17488
2741479,MAL,O. Medina,17110
2741491,CAP,N. Pomoli,811063
2741491,CAP,E. Serres,17691
2741491,CAP,N. Lema,1676246
2741491,CAP,A. Ibarguen,1975797
2741491,CAP,F. Bavosi,17071
2741491,CAP,S. Hogan,1642412
2741491,CAP,S. Vescovi,617418
2741491,CAP,E. Romero,2178363
2741491,CAP,S. Calimares,1509909
2741491,CAP,M. Rojas,258681
2741491,CNF,A. Mendez,1894506
2741491,CNF,J. Feldeine,2321121
2741491,CNF,M. Cabot,15196
2741491,CNF,L. Parodi,15251
2741491,CNF,P. Gomez,1661038
2741491,CNF,P. Prieto,1722930
2741491,CNF,E. Oglivie,17628
2741491,CNF,C. Zinaich,2386709
2741491,CNF,B. Barrera,17677
2741491,CNF,G. Espindola,17669
2741488,COR,B. Beamer,2534720
2741488,COR,T. Araujo,1375364
2741488,COR,M. Viazzo,1807060
2741488,COR,T. Leites,983931
2741488,COR,L. Planells,623893
2741488,COR,V. Andrade,2255313
2741488,COR,E. Gonzalez,15216
2741488,COR,F. Medina,15257
2741488,COR,P. Rusch,17379
2741488,MAL,R. Abell,2534733
2741488,MAL,A. Perez,2397427
2741488,MAL,M. Romero,16177
2741488,MAL,N. Rodriguez,1796527
2741488,MAL,S. Fernandez,1346396
2741488,MAL,J. Cruz,2534734
2741488,MAL,D. Zekovic,2394559
2741488,MAL,N. Martinez,1645560
2741488,MAL,K. Wachsman,17488
2741488,MAL,O. Medina,17110
2741465,WEL,C. Mc Evans,2585672
2741465,WEL,G. Barrera,16739
2741465,WEL,R. Previatti,1314581
2741465,WEL,J. Stoll,1645559
2741465,WEL,S. Moglia,16511
2741465,WEL,F. Garcia,1334179
2741465,WEL,S. Martinez,2377994
2741465,WEL,R. Hassan,312957
2741465,WEL,A. Arevalo,909792
2741465,WEL,D. Pena Garcia,1642407
2741465,WEL,A. Peña,2096885
2741465,WEL,F. Sosa,2077420
2741465,UUN,E. Holt,1709203
2741465,UUN,N. Bessio,1569431
2741465,UUN,M. Sarni,43252
2741465,UUN,S. Massa,62685
2741465,UUN,B. Curadossi,1714808
2741465,UUN,F. Moleda,2325518
2741465,UUN,M. Rodriguez,1937748
2741465,UUN,J. Sacco,1644398
2741465,UUN,E. Demers,2534746
2741465,UUN,T. Daniels,2534742
2741465,UUN,M. Jounes,1791017
2741465,UUN,M. Benitez,2074488
2741486,UAT,T. Prince,2534741
2741486,UAT,J. Ducasse,208488
2741486,UAT,M. Giano,1338848
2741486,UAT,M. Astramskas,1342734
2741486,UAT,G. Souza,968070
2741486,UAT,C. Alaekwe,2603089
2741486,UAT,G. Brun,1651515
2741486,UAT,A. Lopez,16807
2741486,UAT,L. Echeverria,2081918
2741486,HYM,M. Mayora,258698
2741486,HYM,I. Xavier,727814
2741486,HYM,F. Haller,15217
2741486,HYM,F. Morales,1765561
2741486,HYM,A. Nation,2486578
2741486,HYM,S. Zanotta,15259
2741486,HYM,A. Hazan,2345182
2741486,HYM,A. Louis,425204
2741486,HYM,J. Canty,2486580
2741490,DSC,T. Metzger,725720
2741490,DSC,G. Rodriguez,2405599
2741490,DSC,E. Weaver,2589974
2741490,DSC,M. Antunez,1940452
2741490,DSC,B. Gomez,2243963
2741490,DSC,M. Zubiaurre,17046
2741490,DSC,F. Terra,191820
2741490,DSC,D. Wright,1981004
2741490,DSC,M. Mac Mullen,1723827
2741490,DSC,M. Cuervo,1940451
2741490,DSC,M. Bianchi,999249
2741490,DSC,F. Soto,539387
2741490,WEL,G. Barrera,16739
2741490,WEL,R. Previatti,1314581
2741490,WEL,J. Stoll,1645559
2741490,WEL,S. Moglia,16511
2741490,WEL,F. Garcia,1334179
2741490,WEL,R. Hassan,312957
2741490,WEL,A. Arevalo,909792
2741490,WEL,D. Pena Garcia,1642407
2741490,WEL,A. Peña,2096885
2741477,BIG,D. Hicks,2324181
2741477,BIG,S. Ottonello,191795
2741477,BIG,N. Catala,16616
2741477,BIG,J. Duran,2199918
2741477,BIG,T. Rodriguez,1989296
2741477,BIG,G. Iglesias,16857
2741477,BIG,J. Lamas,2134156
2741477,BIG,F. Hassell,1924909
2741477,BIG,M. Espinosa,1942261
2741477,BIG,B. Garcia,16715
2741477,BIG,J. Matos,2534718
2741477,GOE,E. Bonet,961332
2741477,GOE,J. Josiah,1987397
2741477,GOE,M. Oyenard,1567203
2741477,GOE,F. Verrone,17044
2741477,GOE,A. Acosta,16508
2741477,GOE,J. Strings,2288279
2741477,GOE,A. Pruitt,1871466
2741477,GOE,X. Couste,571401
2741489,UAT,T. Prince,2534741
2741489,UAT,J. Ducasse,208488
2741489,UAT,M. Giano,1338848
2741489,UAT,M. Astramskas,1342734
2741489,UAT,G. Souza,968070
2741489,UAT,C. Alaekwe,2603089
2741489,UAT,G. Brun,1651515
2741489,UAT,A. Lopez,16807
2741489,UAT,L. Echeverria,2081918
2741489,COR,B. Beamer,2534720
2741489,COR,T. Araujo,1375364
2741489,COR,M. Viazzo,1807060
2741489,COR,T. Charbonnier,2411715
2741489,COR,T. Leites,983931
2741489,COR,O. Senande,1873515
2741489,COR,L. Planells,623893
2741489,COR,V. Andrade,2255313
2741489,COR,E. Gonzalez,15216
2741489,COR,P. Rusch,17379
2741474,HYM,M. Mayora,258698
2741474,HYM,I. Xavier,727814
2741474,HYM,F. Haller,15217
2741474,HYM,F. Morales,1765561
2741474,HYM,A. Nation,2486578
2741474,HYM,S. Zanotta,15259
2741474,HYM,A. Louis,425204
2741474,HYM,J. Canty,2486580
2741474,DSC,T. Metzger,725720
2741474,DSC,E. Weaver,2589974
2741474,DSC,M. Zubiaurre,17046
2741474,DSC,F. Terra,191820
2741474,DSC,D. Wright,1981004
2741474,DSC,M. Mac Mullen,1723827
2741474,DSC,M. Bianchi,999249
2741474,DSC,F. Soto,539387
2741487,MAL,R. Abell,2534733
2741487,MAL,E. Espinosa,2156021
2741487,MAL,A. Perez,2397427
2741487,MAL,M. Romero,16177
2741487,MAL,N. Rodriguez,1796527
2741487,MAL,S. Fernandez,1346396
2741487,MAL,J. Cruz,2534734
2741487,MAL,D. Zekovic,2394559
2741487,MAL,N. Martinez,1645560
2741487,MAL,K. Wachsman,17488
2741487,MAL,O. Medina,17110
2741487,CAP,O. Rosado,2549194
2741487,CAP,N. Pomoli,811063
2741487,CAP,E. Serres,17691
2741487,CAP,N. Lema,1676246
2741487,CAP,A. Ibarguen,1975797
2741487,CAP,C. Heilmann,2544008
2741487,CAP,F. Bavosi,17071
2741487,CAP,S. Hogan,1642412
2741487,CAP,S. Vescovi,617418
2741487,CAP,E. Romero,2178363
2741487,CAP,S. Calimares,1509909
2741487,CAP,M. Rojas,258681
2741480,UUN,E. Holt,1709203
2741480,UUN,N. Bessio,1569431
2741480,UUN,M. Sarni,43252
2741480,UUN,S. Massa,62685
2741480,UUN,B. Curadossi,1714808
2741480,UUN,M. Rodriguez,1937748
2741480,UUN,J. Sacco,1644398
2741480,UUN,E. Demers,2534746
2741480,UUN,T. Daniels,2534742
2741480,UUN,M. Benitez,2074488
2741480,AGU,M. Fernandez,2158090
2741480,AGU,E. Clark,2534717
2741480,AGU,F. Pereiras,17571
2741480,AGU,D. Sims,701864
2741480,AGU,J. Rodriguez,1430994
2741480,AGU,J. Santiso,17101
2741480,AGU,A. Gentile,1717089
2741480,AGU,L. Santos,1314626
2741480,AGU,A. Zuvich,17554
2741492,COR,B. Beamer,2534720
2741492,COR,T. Araujo,1375364
2741492,COR,T. Leites,983931
2741492,COR,L. Planells,623893
2741492,COR,V. Andrade,2255313
2741492,COR,E. Gonzalez,15216
2741492,COR,M. Arregui,1661037
2741492,COR,F. Medina,15257
2741492,COR,P. Rusch,17379
2741492,HYM,M. Mayora,258698
2741492,HYM,G. Volcan,2212601
2741492,HYM,I. Xavier,727814
2741492,HYM,F. Haller,15217
2741492,HYM,F. Morales,1765561
2741492,HYM,A. Nation,2486578
2741492,HYM,T. Bentancour,1945674
2741492,HYM,S. Zanotta,15259
2741492,HYM,A. Hazan,2345182
2741492,HYM,A. Louis,425204
2741492,HYM,S. Chanes,2345184
2741492,HYM,J. Canty,2486580
2741493,CAP,E. Serres,17691
2741493,CAP,N. Lema,1676246
2741493,CAP,A. Ibarguen,1975797
2741493,CAP,C. Heilmann,2544008
2741493,CAP,F. Bavosi,17071
2741493,CAP,S. Hogan,1642412
2741493,CAP,S. Vescovi,617418
2741493,CAP,E. Romero,2178363
2741493,CAP,S. Calimares,1509909
2741493,CAP,M. Rojas,258681
2741493,UAT,T. Prince,2534741
2741493,UAT,L. Gomez,2549330
2741493,UAT,J. Ducasse,208488
2741493,UAT,M. Giano,1338848
2741493,UAT,M. Astramskas,1342734
2741493,UAT,G. Souza,968070
2741493,UAT,C. Alaekwe,2603089
2741493,UAT,G. Brun,1651515
2741493,UAT,A. Lopez,16807
2741493,UAT,L. Echeverria,2081918
2741497,DSC,T. Metzger,725720
2741497,DSC,E. Weaver,2589974
2741497,DSC,M. Antunez,1940452
2741497,DSC,B. Gomez,2243963
2741497,DSC,M. Zubiaurre,17046
2741497,DSC,F. Terra,191820
2741497,DSC,D. Wright,1981004
2741497,DSC,M. Mac Mullen,1723827
2741497,DSC,A. Aron,2616169
2741497,DSC,N. Colmenares,43224
2741497,DSC,M. Bianchi,999249
2741497,DSC,F. Soto,539387
2741497,BIG,D. Hicks,2324181
2741497,BIG,S. Ottonello,191795
2741497,BIG,N. Catala,16616
2741497,BIG,J. Duran,2199918
2741497,BIG,T. Rodriguez,1989296
2741497,BIG,G. Iglesias,16857
2741497,BIG,F. Hassell,1924909
2741497,BIG,M. Espinosa,1942261
2741497,BIG,B. Garcia,16715
2741497,BIG,J. Matos,2534718
2741494,WEL,R. Previatti,1314581
2741494,WEL,J. Stoll,1645559
2741494,WEL,S. Moglia,16511
2741494,WEL,F. Garcia,1334179
2741494,WEL,J. Ortiz,1719070
2741494,WEL,R. Hassan,312957
2741494,WEL,A. Arevalo,909792
2741494,WEL,D. Pena Garcia,1642407
2741494,MAL,R. Abell,2534733
2741494,MAL,E. Espinosa,2156021
2741494,MAL,M. Romero,16177
2741494,MAL,N. Rodriguez,1796527
2741494,MAL,S. Fernandez,1346396
2741494,MAL,J. Cruz,2534734
2741494,MAL,D. Zekovic,2394559
2741494,MAL,N. Martinez,1645560
2741494,MAL,K. Wachsman,17488
2741494,MAL,O. Medina,17110
2741496,GOE,E. Bonet,961332
2741496,GOE,J. Josiah,1987397
2741496,GOE,M. Oyenard,1567203
2741496,GOE,F. Verrone,17044
2741496,GOE,A. Acosta,16508
2741496,GOE,J. Strings,2288279
2741496,GOE,A. Pruitt,1871466
2741496,GOE,X. Couste,571401
2741496,UUN,E. Holt,1709203
2741496,UUN,N. Bessio,1569431
2741496,UUN,M. Sarni,43252
2741496,UUN,S. Massa,62685
2741496,UUN,B. Curadossi,1714808
2741496,UUN,M. Rodriguez,1937748
2741496,UUN,J. Sacco,1644398
2741496,UUN,E. Demers,2534746
2741496,UUN,T. Daniels,2534742
2741496,UUN,M. Benitez,2074488
2741495,AGU,M. Fernandez,2158090
2741495,AGU,E. Clark,2534717
2741495,AGU,F. Pereiras,17571
2741495,AGU,D. Sims,701864
2741495,AGU,J. Rodriguez,1430994
2741495,AGU,J. Santiso,17101
2741495,AGU,A. Gentile,1717089
2741495,AGU,L. Santos,1314626
2741495,AGU,A. Zuvich,17554
2741495,CNF,A. Mendez,1894506
2741495,CNF,J. Feldeine,2321121
2741495,CNF,M. Cabot,15196
2741495,CNF,L. Parodi,15251
2741495,CNF,P. Gomez,1661038
2741495,CNF,P. Prieto,1722930
2741495,CNF,E. Oglivie,17628
2741495,CNF,C. Zinaich,2386709
2741495,CNF,B. Barrera,17677
2741495,CNF,G. Espindola,17669
2741498,HYM,M. Mayora,258698
2741498,HYM,I. Xavier,727814
2741498,HYM,F. Haller,15217
2741498,HYM,F. Morales,1765561
2741498,HYM,A. Nation,2486578
2741498,HYM,G. Semiglia,16717
2741498,HYM,S. Zanotta,15259
2741498,HYM,A. Louis,425204
2741498,HYM,J. Canty,2486580
2741498,BIG,D. Hicks,2324181
2741498,BIG,S. Ottonello,191795
2741498,BIG,N. Catala,16616
2741498,BIG,T. Rodriguez,1989296
2741498,BIG,G. Iglesias,16857
2741498,BIG,M. Espinosa,1942261
2741498,BIG,B. Garcia,16715
2741498,BIG,J. Matos,2534718
2741498,BIG,W. Reed,2617486
2741500,CNF,L. Imas,2225721
2741500,CNF,A. Mendez,1894506
2741500,CNF,J. Feldeine,2321121
2741500,CNF,M. Cabot,15196
2741500,CNF,L. Parodi,15251
2741500,CNF,P. Gomez,1661038
2741500,CNF,P. Prieto,1722930
2741500,CNF,E. Superi,2150245
2741500,CNF,E. Oglivie,17628
2741500,CNF,C. Zinaich,2386709
2741500,CNF,B. Barrera,17677
2741500,CNF,G. Espindola,17669
2741500,GOE,E. Bonet,961332
2741500,GOE,T. Cracknell,2619167
2741500,GOE,M. Oyenard,1567203
2741500,GOE,A. Acosta,16508
2741500,GOE,A. Irastorza,1977269
2741500,GOE,J. Strings,2288279
2741500,GOE,A. Pruitt,1871466
2741500,GOE,X. Couste,571401
2741500,GOE,I. Dos Santos,2154756
2741499,UUN,E. Holt,1709203
2741499,UUN,N. Bessio,1569431
2741499,UUN,M. Sarni,43252
2741499,UUN,S. Massa,62685
2741499,UUN,B. Curadossi,1714808
2741499,UUN,M. Rodriguez,1937748
2741499,UUN,J. Sacco,1644398
2741499,UUN,A. Moller,1765563
2741499,UUN,E. Demers,2534746
2741499,UUN,E. Buckner,2620319
2741499,UUN,M. Benitez,2074488
2741499,DSC,T. Metzger,725720
2741499,DSC,E. Weaver,2589974
2741499,DSC,M. Antunez,1940452
2741499,DSC,M. Zubiaurre,17046
2741499,DSC,F. Terra,191820
2741499,DSC,E. Ewing,2620613
2741499,DSC,M. Mac Mullen,1723827
2741499,DSC,N. Colmenares,43224
2741499,DSC,M. Bianchi,999249
2741499,DSC,F. Soto,539387
2741501,MAL,J. Webster,2399946
2741501,MAL,M. Romero,16177
2741501,MAL,N. Rodriguez,1796527
2741501,MAL,S. Fernandez,1346396
2741501,MAL,D. Davis,2619160
2741501,MAL,D. Zekovic,2394559
2741501,MAL,N. Martinez,1645560
2741501,MAL,K. Wachsman,17488
2741501,MAL,O. Medina,17110
2741501,AGU,M. Fernandez,2158090
2741501,AGU,S. Vidal,14724
2741501,AGU,E. Clark,2534717
2741501,AGU,F. Pereiras,17571
2741501,AGU,D. Sims,701864
2741501,AGU,J. Rodriguez,1430994
2741501,AGU,J. Santiso,17101
2741501,AGU,A. Gentile,1717089
2741501,AGU,L. Santos,1314626
2741501,AGU,A. Zuvich,17554
2741502,UAT,Q. Wilson,2486591
2741502,UAT,T. Prince,2534741
2741502,UAT,J. Ducasse,208488
2741502,UAT,M. Giano,1338848
2741502,UAT,M. Astramskas,1342734
2741502,UAT,G. Souza,968070
2741502,UAT,C. Alaekwe,2603089
2741502,UAT,G. Brun,1651515
2741502,UAT,A. Lopez,16807
2741502,WEL,T. Ferguson,2620317
2741502,WEL,R. Previatti,1314581
2741502,WEL,J. Stoll,1645559
2741502,WEL,S. Moglia,16511
2741502,WEL,F. Garcia,1334179
2741502,WEL,J. Ortiz,1719070
2741502,WEL,R. Hassan,312957
2741502,WEL,A. Arevalo,909792
2741502,WEL,D. Pena Garcia,1642407
2741503,COR,D. Higgs,2619903
2741503,COR,J. O'neal,2620318
2741503,COR,T. Araujo,1375364
2741503,COR,M. Viazzo,1807060
2741503,COR,T. Leites,983931
2741503,COR,E. Gonzalez,15216
2741503,COR,M. Arregui,1661037
2741503,COR,A. Spruill,2620614
2741503,COR,F. Medina,15257
2741503,COR,P. Rusch,17379
2741503,CAP,N. Pomoli,811063
2741503,CAP,E. Serres,17691
2741503,CAP,N. Lema,1676246
2741503,CAP,A. Ibarguen,1975797
2741503,CAP,C. Heilmann,2544008
2741503,CAP,S. Hogan,1642412
2741503,CAP,S. Vescovi,617418
2741503,CAP,E. Romero,2178363
2741503,CAP,S. Calimares,1509909
2741503,CAP,M. Rojas,258681
2741468,AGU,S. Vidal,14724
2741468,AGU,E. Clark,2534717
2741468,AGU,F. Pereiras,17571
2741468,AGU,D. Sims,701864
2741468,AGU,J. Rodriguez,1430994
2741468,AGU,J. Santiso,17101
2741468,AGU,A. Gentile,1717089
2741468,AGU,L. Santos,1314626
2741468,AGU,A. Zuvich,17554
2741468,BIG,D. Hicks,2324181
2741468,BIG,S. Ottonello,191795
2741468,BIG,N. Catala,16616
2741468,BIG,T. Rodriguez,1989296
2741468,BIG,G. Iglesias,16857
2741468,BIG,M. Espinosa,1942261
2741468,BIG,B. Garcia,16715
2741468,BIG,J. Matos,2534718
2741468,BIG,W. Reed,2617486
2741471,GOE,E. Bonet,961332
2741471,GOE,T. Cracknell,2619167
2741471,GOE,M. Oyenard,1567203
2741471,GOE,A. Acosta,16508
2741471,GOE,A. Irastorza,1977269
2741471,GOE,J. Strings,2288279
2741471,GOE,A. Pruitt,1871466
2741471,GOE,X. Couste,571401
2741471,GOE,I. Dos Santos,2154756
2741471,DSC,T. Metzger,725720
2741471,DSC,E. Weaver,2589974
2741471,DSC,M. Antunez,1940452
2741471,DSC,M. Zubiaurre,17046
2741471,DSC,F. Terra,191820
2741471,DSC,E. Ewing,2620613
2741471,DSC,M. Mac Mullen,1723827
2741471,DSC,N. Colmenares,43224
2741471,DSC,M. Bianchi,999249
2741471,DSC,F. Soto,539387
2741483,CNF,J. Galeano,1760620
2741483,CNF,A. Mendez,1894506
2741483,CNF,E. Bell,2413907
2741483,CNF,M. Cabot,15196
2741483,CNF,L. Parodi,15251
2741483,CNF,P. Gomez,1661038
2741483,CNF,P. Prieto,1722930
2741483,CNF,E. Superi,2150245
2741483,CNF,E. Oglivie,17628
2741483,CNF,C. Zinaich,2386709
2741483,CNF,B. Barrera,17677
2741483,CNF,G. Espindola,17669
2741483,WEL,G. Barrera,16739
2741483,WEL,T. Ferguson,2620317
2741483,WEL,R. Previatti,1314581
2741483,WEL,J. Stoll,1645559
2741483,WEL,S. Moglia,16511
2741483,WEL,F. Garcia,1334179
2741483,WEL,J. Ortiz,1719070
2741483,WEL,R. Hassan,312957
2741483,WEL,A. Arevalo,909792
2741504,CAP,N. Pomoli,811063
2741504,CAP,E. Serres,17691
2741504,CAP,N. Lema,1676246
2741504,CAP,A. Ibarguen,1975797
2741504,CAP,F. Bavosi,17071
2741504,CAP,S. Hogan,1642412
2741504,CAP,S. Vescovi,617418
2741504,CAP,E. Romero,2178363
2741504,CAP,M. Rojas,258681
2741504,HYM,M. Mayora,258698
2741504,HYM,I. Xavier,727814
2741504,HYM,F. Haller,15217
2741504,HYM,F. Morales,1765561
2741504,HYM,A. Nation,2486578
2741504,HYM,G. Semiglia,16717
2741504,HYM,S. Zanotta,15259
2741504,HYM,A. Louis,425204
2741504,HYM,J. Canty,2486580
2741514,BIG,D. Hicks,2324181
2741514,BIG,S. Ottonello,191795
2741514,BIG,N. Catala,16616
2741514,BIG,T. Rodriguez,1989296
2741514,BIG,G. Iglesias,16857
2741514,BIG,M. Espinosa,1942261
2741514,BIG,B. Garcia,16715
2741514,BIG,J. Matos,2534718
2741514,BIG,W. Reed,2617486
2741514,UUN,M. Sarni,43252
2741514,UUN,S. Massa,62685
2741514,UUN,B. Curadossi,1714808
2741514,UUN,M. Rodriguez,1937748
2741514,UUN,J. Sacco,1644398
2741514,UUN,N. Amichetti,1643387
2741514,UUN,A. Moller,1765563
2741514,UUN,E. Demers,2534746
2741514,UUN,E. Buckner,2620319
2741514,UUN,M. Benitez,2074488
2741512,GOE,E. Bonet,961332
2741512,GOE,T. Cracknell,2619167
2741512,GOE,M. Oyenard,1567203
2741512,GOE,A. Acosta,16508
2741512,GOE,A. Irastorza,1977269
2741512,GOE,J. Strings,2288279
2741512,GOE,A. Pruitt,1871466
2741512,GOE,X. Couste,571401
2741512,GOE,I. Dos Santos,2154756
2741512,MAL,J. Webster,2399946
2741512,MAL,M. Romero,16177
2741512,MAL,N. Rodriguez,1796527
2741512,MAL,S. Fernandez,1346396
2741512,MAL,D. Davis,2619160
2741512,MAL,D. Zekovic,2394559
2741512,MAL,N. Martinez,1645560
2741512,MAL,K. Wachsman,17488
2741512,MAL,O. Medina,17110
2741534,DSC,T. Metzger,725720
2741534,DSC,E. Weaver,2589974
2741534,DSC,M. Zubiaurre,17046
2741534,DSC,F. Terra,191820
2741534,DSC,E. Ewing,2620613
2741534,DSC,M. Mac Mullen,1723827
2741534,DSC,N. Colmenares,43224
2741534,DSC,M. Bianchi,999249
2741534,DSC,F. Soto,539387
2741534,UAT,Q. Wilson,2486591
2741534,UAT,T. Prince,2534741
2741534,UAT,J. Ducasse,208488
2741534,UAT,M. Giano,1338848
2741534,UAT,G. Souza,968070
2741534,UAT,C. Alaekwe,2603089
2741534,UAT,A. Lopez,16807
2741505,WEL,G. Barrera,16739
2741505,WEL,T. Ferguson,2620317
2741505,WEL,R. Previatti,1314581
2741505,WEL,J. Stoll,1645559
2741505,WEL,S. Moglia,16511
2741505,WEL,F. Garcia,1334179
2741505,WEL,J. Ortiz,1719070
2741505,WEL,R. Hassan,312957
2741505,WEL,A. Arevalo,909792
2741505,WEL,D. Pena Garcia,1642407
2741505,COR,D. Higgs,2619903
2741505,COR,J. O'neal,2620318
2741505,COR,T. Araujo,1375364
2741505,COR,M. Viazzo,1807060
2741505,COR,T. Leites,983931
2741505,COR,E. Gonzalez,15216
2741505,COR,M. Arregui,1661037
2741505,COR,A. Spruill,2620614
2741505,COR,F. Medina,15257
2741505,COR,P. Rusch,17379
2741515,HYM,M. Mayora,258698
2741515,HYM,I. Xavier,727814
2741515,HYM,F. Haller,15217
2741515,HYM,F. Morales,1765561
2741515,HYM,A. Nation,2486578
2741515,HYM,G. Semiglia,16717
2741515,HYM,S. Zanotta,15259
2741515,HYM,L. Viatri,1675384
2741515,HYM,A. Louis,425204
2741515,HYM,J. Canty,2486580
2741515,UUN,M. Sarni,43252
2741515,UUN,S. Massa,62685
2741515,UUN,B. Curadossi,1714808
2741515,UUN,M. Rodriguez,1937748
2741515,UUN,J. Sacco,1644398
2741515,UUN,N. Amichetti,1643387
2741515,UUN,A. Moller,1765563
2741515,UUN,E. Demers,2534746
2741515,UUN,E. Buckner,2620319
2741515,UUN,M. Benitez,2074488
2741517,MAL,E. Espinosa,2156021
2741517,MAL,C. Gagliano,1983439
2741517,MAL,J. Webster,2399946
2741517,MAL,M. Romero,16177
2741517,MAL,N. Rodriguez,1796527
2741517,MAL,S. Fernandez,1346396
2741517,MAL,D. Davis,2619160
2741517,MAL,F. Brun,1937721
2741517,MAL,D. Zekovic,2394559
2741517,MAL,N. Martinez,1645560
2741517,MAL,K. Wachsman,17488
2741517,MAL,O. Medina,17110
2741517,DSC,T. Metzger,725720
2741517,DSC,E. Weaver,2589974
2741517,DSC,M. Antunez,1940452
2741517,DSC,M. Zubiaurre,17046
2741517,DSC,F. Terra,191820
2741517,DSC,E. Ewing,2620613
2741517,DSC,M. Mac Mullen,1723827
2741517,DSC,N. Colmenares,43224
2741517,DSC,M. Bianchi,999249
2741517,DSC,F. Soto,539387
2741520,CAP,O. Rosado,2549194
2741520,CAP,N. Pomoli,811063
2741520,CAP,E. Serres,17691
2741520,CAP,N. Lema,1676246
2741520,CAP,A. Ibarguen,1975797
2741520,CAP,F. Bavosi,17071
2741520,CAP,S. Hogan,1642412
2741520,CAP,S. Vescovi,617418
2741520,CAP,E. Romero,2178363
2741520,CAP,M. Rojas,258681
2741520,CAP,J. Delgado,2411720
2741520,WEL,G. Barrera,16739
2741520,WEL,T. Ferguson,2620317
2741520,WEL,R. Previatti,1314581
2741520,WEL,R. Lagos,2549334
2741520,WEL,J. Stoll,1645559
2741520,WEL,S. Moglia,16511
2741520,WEL,F. Garcia,1334179
2741520,WEL,J. Ortiz,1719070
2741520,WEL,R. Hassan,312957
2741520,WEL,A. Arevalo,909792
2741520,WEL,D. Pena Garcia,1642407
2741520,WEL,T. Segui,2386796
2741518,UAT,Q. Wilson,2486591
2741518,UAT,T. Prince,2534741
2741518,UAT,F. Taborda,2610301
2741518,UAT,J. Ducasse,208488
2741518,UAT,M. Giano,1338848
2741518,UAT,G. Souza,968070
2741518,UAT,C. Alaekwe,2603089
2741518,UAT,A. Lopez,16807
2741518,GOE,E. Bonet,961332
2741518,GOE,T. Cracknell,2619167
2741518,GOE,M. Oyenard,1567203
2741518,GOE,F. Verrone,17044
2741518,GOE,A. Acosta,16508
2741518,GOE,A. Irastorza,1977269
2741518,GOE,J. Strings,2288279
2741518,GOE,A. Pruitt,1871466
2741518,GOE,I. Dos Santos,2154756
2741519,COR,D. Higgs,2619903
2741519,COR,J. O'neal,2620318
2741519,COR,T. Araujo,1375364
2741519,COR,M. Viazzo,1807060
2741519,COR,T. Leites,983931
2741519,COR,E. Gonzalez,15216
2741519,COR,M. Arregui,1661037
2741519,COR,A. Spruill,2620614
2741519,COR,F. Medina,15257
2741519,COR,P. Rusch,17379
2741519,AGU,M. Fernandez,2158090
2741519,AGU,S. Vidal,14724
2741519,AGU,E. Clark,2534717
2741519,AGU,F. Pereiras,17571
2741519,AGU,D. Sims,701864
2741519,AGU,J. Rodriguez,1430994
2741519,AGU,J. Santiso,17101
2741519,AGU,A. Gentile,1717089
2741519,AGU,T. Barragan,2337281
2741519,AGU,L. Santos,1314626
2741519,AGU,A. Zuvich,17554
2741519,AGU,V. Acuña,2222567
2741516,CNF,J. Galeano,1760620
2741516,CNF,A. Mendez,1894506
2741516,CNF,J. Feldeine,2321121
2741516,CNF,E. Bell,2413907
2741516,CNF,M. Cabot,15196
2741516,CNF,L. Parodi,15251
2741516,CNF,P. Gomez,1661038
2741516,CNF,P. Prieto,1722930
2741516,CNF,E. Superi,2150245
2741516,CNF,B. Barrera,17677
2741516,CNF,G. Espindola,17669
2741516,CNF,L. Bennett,1937775
2741516,BIG,D. Hicks,2324181
2741516,BIG,S. Ottonello,191795
2741516,BIG,N. Catala,16616
2741516,BIG,T. Rodriguez,1989296
2741516,BIG,G. Iglesias,16857
2741516,BIG,J. Lamas,2134156
2741516,BIG,J. Gonzalez,2695203
2741516,BIG,B. Garcia,16715
2741516,BIG,J. Diaz,2344218
2741516,BIG,J. Matos,2534718
2741516,BIG,W. Reed,2617486
2741516,BIG,A. Sosa,2544022
2741469,AGU,M. Fernandez,2158090
2741469,AGU,S. Vidal,14724
2741469,AGU,E. Clark,2534717
2741469,AGU,F. Pereiras,17571
2741469,AGU,D. Sims,701864
2741469,AGU,B. Traversa,2549110
2741469,AGU,J. Rodriguez,1430994
2741469,AGU,J. Santiso,17101
2741469,AGU,A. Gentile,1717089
2741469,AGU,T. Barragan,2337281
2741469,AGU,L. Santos,1314626
2741469,AGU,A. Zuvich,17554
2741469,DSC,T. Metzger,725720
2741469,DSC,E. Weaver,2589974
2741469,DSC,M. Antunez,1940452
2741469,DSC,M. Zubiaurre,17046
2741469,DSC,F. Terra,191820
2741469,DSC,M. Mac Mullen,1723827
2741469,DSC,N. Colmenares,43224
2741469,DSC,M. Bianchi,999249
2741469,DSC,F. Soto,539387
2741536,BIG,D. Hicks,2324181
2741536,BIG,S. Ottonello,191795
2741536,BIG,N. Catala,16616
2741536,BIG,T. Rodriguez,1989296
2741536,BIG,G. Iglesias,16857
2741536,BIG,M. Espinosa,1942261
2741536,BIG,B. Garcia,16715
2741536,BIG,J. Matos,2534718
2741536,BIG,W. Reed,2617486
2741536,MAL,J. Webster,2399946
2741536,MAL,M. Romero,16177
2741536,MAL,N. Rodriguez,1796527
2741536,MAL,S. Fernandez,1346396
2741536,MAL,D. Davis,2619160
2741536,MAL,F. Brun,1937721
2741536,MAL,D. Zekovic,2394559
2741536,MAL,N. Martinez,1645560
2741536,MAL,K. Wachsman,17488
2741536,MAL,O. Medina,17110
2741523,GOE,E. Bonet,961332
2741523,GOE,T. Cracknell,2619167
2741523,GOE,M. Oyenard,1567203
2741523,GOE,G. Curbelo,825306
2741523,GOE,F. Verrone,17044
2741523,GOE,A. Acosta,16508
2741523,GOE,A. Irastorza,1977269
2741523,GOE,J. Strings,2288279
2741523,GOE,A. Pruitt,1871466
2741523,GOE,I. Dos Santos,2154756
2741523,COR,D. Higgs,2619903
2741523,COR,J. O'neal,2620318
2741523,COR,T. Araujo,1375364
2741523,COR,M. Viazzo,1807060
2741523,COR,T. Leites,983931
2741523,COR,O. Senande,1873515
2741523,COR,E. Gonzalez,15216
2741523,COR,M. Arregui,1661037
2741523,COR,A. Spruill,2620614
2741523,COR,F. Medina,15257
2741523,COR,P. Rusch,17379
2741521,WEL,G. Barrera,16739
2741521,WEL,T. Ferguson,2620317
2741521,WEL,R. Previatti,1314581
2741521,WEL,R. Lagos,2549334
2741521,WEL,J. Stoll,1645559
2741521,WEL,F. Garcia,1334179
2741521,WEL,J. Ortiz,1719070
2741521,WEL,R. Hassan,312957
2741521,WEL,A. Arevalo,909792
2741521,WEL,D. Pena Garcia,1642407
2741521,WEL,F. Sosa,2077420
2741521,WEL,T. Segui,2386796
2741521,HYM,M. Mayora,258698
2741521,HYM,I. Xavier,727814
2741521,HYM,F. Haller,15217
2741521,HYM,F. Morales,1765561
2741521,HYM,A. Nation,2486578
2741521,HYM,G. Semiglia,16717
2741521,HYM,S. Zanotta,15259
2741521,HYM,L. Viatri,1675384
2741521,HYM,A. Louis,425204
2741521,HYM,J. Canty,2486580
2741522,AGU,M. Fernandez,2158090
2741522,AGU,S. Vidal,14724
2741522,AGU,E. Clark,2534717
2741522,AGU,F. Pereiras,17571
2741522,AGU,D. Sims,701864
2741522,AGU,J. Rodriguez,1430994
2741522,AGU,J. Santiso,17101
2741522,AGU,A. Gentile,1717089
2741522,AGU,L. Santos,1314626
2741522,AGU,A. Zuvich,17554
2741522,CAP,N. Pomoli,811063
2741522,CAP,E. Serres,17691
2741522,CAP,N. Lema,1676246
2741522,CAP,A. Ibarguen,1975797
2741522,CAP,F. Bavosi,17071
2741522,CAP,S. Hogan,1642412
2741522,CAP,S. Vescovi,617418
2741522,CAP,E. Romero,2178363
2741522,CAP,M. Rojas,258681
2741538,UUN,N. Bessio,1569431
2741538,UUN,M. Sarni,43252
2741538,UUN,S. Massa,62685
2741538,UUN,B. Curadossi,1714808
2741538,UUN,M. Rodriguez,1937748
2741538,UUN,J. Sacco,1644398
2741538,UUN,N. Amichetti,1643387
2741538,UUN,A. Moller,1765563
2741538,UUN,E. Demers,2534746
2741538,UUN,T. Daniels,2534742
2741538,UUN,E. Buckner,2620319
2741538,CNF,A. Mendez,1894506
2741538,CNF,E. Bell,2413907
2741538,CNF,M. Cabot,15196
2741538,CNF,L. Parodi,15251
2741538,CNF,P. Gomez,1661038
2741538,CNF,P. Prieto,1722930
2741538,CNF,E. Oglivie,17628
2741538,CNF,B. Barrera,17677
2741538,CNF,G. Espindola,17669
2741538,CNF,J. Galeano,1760620
2741544,COR,D. Higgs,2619903
2741544,COR,J. O'neal,2620318
2741544,COR,T. Araujo,1375364
2741544,COR,T. Leites,983931
2741544,COR,E. Gonzalez,15216
2741544,COR,M. Arregui,1661037
2741544,COR,A. Spruill,2620614
2741544,COR,F. Medina,15257
2741544,COR,P. Rusch,17379
2741544,DSC,T. Metzger,725720
2741544,DSC,E. Weaver,2589974
2741544,DSC,M. Antunez,1940452
2741544,DSC,M. Zubiaurre,17046
2741544,DSC,F. Terra,191820
2741544,DSC,M. Mac Mullen,1723827
2741544,DSC,N. Colmenares,43224
2741544,DSC,M. Bianchi,999249
2741544,DSC,F. Soto,539387
2741543,UAT,Q. Wilson,2486591
2741543,UAT,T. Prince,2534741
2741543,UAT,J. Ducasse,208488
2741543,UAT,M. Giano,1338848
2741543,UAT,G. Souza,968070
2741543,UAT,C. Alaekwe,2603089
2741543,UAT,G. Brun,1651515
2741543,UAT,A. Lopez,16807
2741543,BIG,D. Hicks,2324181
2741543,BIG,S. Ottonello,191795
2741543,BIG,N. Catala,16616
2741543,BIG,T. Rodriguez,1989296
2741543,BIG,G. Iglesias,16857
2741543,BIG,J. Lamas,2134156
2741543,BIG,M. Espinosa,1942261
2741543,BIG,B. Garcia,16715
2741543,BIG,J. Matos,2534718
2741543,BIG,W. Reed,2617486
2741540,HYM,M. Mayora,258698
2741540,HYM,I. Xavier,727814
2741540,HYM,F. Haller,15217
2741540,HYM,F. Morales,1765561
2741540,HYM,A. Nation,2486578
2741540,HYM,G. Semiglia,16717
2741540,HYM,T. Bentancour,1945674
2741540,HYM,S. Zanotta,15259
2741540,HYM,L. Viatri,1675384
2741540,HYM,A. Hazan,2345182
2741540,HYM,A. Louis,425204
2741540,HYM,J. Canty,2486580
2741540,CNF,J. Galeano,1760620
2741540,CNF,A. Mendez,1894506
2741540,CNF,J. Feldeine,2321121
2741540,CNF,M. Cabot,15196
2741540,CNF,L. Parodi,15251
2741540,CNF,P. Gomez,1661038
2741540,CNF,P. Prieto,1722930
2741540,CNF,E. Oglivie,17628
2741540,CNF,C. Zinaich,2386709
2741540,CNF,B. Barrera,17677
2741540,CNF,G. Espindola,17669
2741540,CNF,F. Pereira,2225720
2741542,MAL,E. Espinosa,2156021
2741542,MAL,C. Gagliano,1983439
2741542,MAL,J. Webster,2399946
2741542,MAL,M. Romero,16177
2741542,MAL,N. Rodriguez,1796527
2741542,MAL,S. Fernandez,1346396
2741542,MAL,D. Davis,2619160
2741542,MAL,F. Brun,1937721
2741542,MAL,D. Zekovic,2394559
2741542,MAL,N. Martinez,1645560
2741542,MAL,K. Wachsman,17488
2741542,MAL,O. Medina,17110
2741542,UUN,N. Bessio,1569431
2741542,UUN,M. Sarni,43252
2741542,UUN,S. Massa,62685
2741542,UUN,B. Curadossi,1714808
2741542,UUN,J. Sacco,1644398
2741542,UUN,N. Amichetti,1643387
2741542,UUN,A. Moller,1765563
2741542,UUN,E. Demers,2534746
2741542,UUN,T. Daniels,2534742
2741542,UUN,E. Buckner,2620319
2741542,UUN,M. Benitez,2074488
2741545,CAP,O. Rosado,2549194
2741545,CAP,N. Pomoli,811063
2741545,CAP,E. Serres,17691
2741545,CAP,N. Lema,1676246
2741545,CAP,A. Ibarguen,1975797
2741545,CAP,F. Bavosi,17071
2741545,CAP,S. Hogan,1642412
2741545,CAP,S. Vescovi,617418
2741545,CAP,E. Romero,2178363
2741545,CAP,M. Rojas,258681
2741545,CAP,J. Delgado,2411720
2741545,GOE,E. Bonet,961332
2741545,GOE,T. Cracknell,2619167
2741545,GOE,M. Oyenard,1567203
2741545,GOE,F. Verrone,17044
2741545,GOE,G. Curbelo,825306
2741545,GOE,A. Acosta,16508
2741545,GOE,A. Irastorza,1977269
2741545,GOE,J. Strings,2288279
2741545,GOE,A. Pruitt,1871466
2741545,GOE,I. Dos Santos,2154756
2741546,WEL,G. Barrera,16739
2741546,WEL,R. Previatti,1314581
2741546,WEL,J. Stoll,1645559
2741546,WEL,F. Garcia,1334179
2741546,WEL,J. Ortiz,1719070
2741546,WEL,R. Hassan,312957
2741546,WEL,A. Arevalo,909792
2741546,WEL,D. Pena Garcia,1642407
2741546,WEL,R. Jackson,771526
2741546,AGU,M. Fernandez,2158090
2741546,AGU,J. Osimani,15493
2741546,AGU,S. Vidal,14724
2741546,AGU,E. Clark,2534717
2741546,AGU,F. Pereiras,17571
2741546,AGU,D. Sims,701864
2741546,AGU,J. Rodriguez,1430994
2741546,AGU,J. Santiso,17101
2741546,AGU,A. Gentile,1717089
2741546,AGU,T. Barragan,2337281
2741546,AGU,L. Santos,1314626
2741546,AGU,A. Zuvich,17554
2741537,BIG,D. Hicks,2324181
2741537,BIG,S. Ottonello,191795
2741537,BIG,N. Catala,16616
2741537,BIG,T. Rodriguez,1989296
2741537,BIG,G. Iglesias,16857
2741537,BIG,J. Lamas,2134156
2741537,BIG,M. Espinosa,1942261
2741537,BIG,B. Garcia,16715
2741537,BIG,J. Diaz,2344218
2741537,BIG,J. Matos,2534718
2741537,BIG,W. Reed,2617486
2741537,BIG,A. Sosa,2544022
2741537,COR,D. Higgs,2619903
2741537,COR,J. O'neal,2620318
2741537,COR,T. Araujo,1375364
2741537,COR,M. Viazzo,1807060
2741537,COR,T. Leites,983931
2741537,COR,O. Senande,1873515
2741537,COR,E. Gonzalez,15216
2741537,COR,M. Arregui,1661037
2741537,COR,A. Spruill,2620614
2741537,COR,F. Medina,15257
2741537,COR,P. Rusch,17379
2741533,GOE,E. Bonet,961332
2741533,GOE,T. Cracknell,2619167
2741533,GOE,R. Robaina,2686619
2741533,GOE,F. Caballero,2228946
2741533,GOE,F. Verrone,17044
2741533,GOE,G. Curbelo,825306
2741533,GOE,A. Acosta,16508
2741533,GOE,M. Serventich,LOCAL:GOE-SERVENTICH
2741533,GOE,A. Irastorza,1977269
2741533,GOE,J. Strings,2288279
2741533,GOE,A. Pruitt,1871466
2741533,GOE,I. Dos Santos,2154756
2741533,WEL,G. Barrera,16739
2741533,WEL,T. Ferguson,2620317
2741533,WEL,R. Previatti,1314581
2741533,WEL,J. Stoll,1645559
2741533,WEL,F. Garcia,1334179
2741533,WEL,J. Ortiz,1719070
2741533,WEL,R. Hassan,312957
2741533,WEL,A. Arevalo,909792
2741533,WEL,D. Pena Garcia,1642407
2741533,WEL,R. Jackson,771526
2741541,CNF,F. Pereira,2225720
2741541,CNF,A. Mendez,1894506
2741541,CNF,J. Feldeine,2321121
2741541,CNF,M. Cabot,15196
2741541,CNF,L. Parodi,15251
2741541,CNF,P. Gomez,1661038
2741541,CNF,P. Prieto,1722930
2741541,CNF,E. Superi,2150245
2741541,CNF,E. Oglivie,17628
2741541,CNF,C. Zinaich,2386709
2741541,CNF,B. Barrera,17677
2741541,CNF,G. Espindola,17669
2741541,MAL,J. Webster,2399946
2741541,MAL,M. Romero,16177
2741541,MAL,N. Rodriguez,1796527
2741541,MAL,S. Fernandez,1346396
2741541,MAL,D. Davis,2619160
2741541,MAL,F. Brun,1937721
2741541,MAL,D. Zekovic,2394559
2741541,MAL,N. Martinez,1645560
2741541,MAL,K. Wachsman,17488
2741541,MAL,O. Medina,17110
2741535,DSC,T. Metzger,725720
2741535,DSC,E. Weaver,2589974
2741535,DSC,M. Antunez,1940452
2741535,DSC,M. Zubiaurre,17046
2741535,DSC,F. Terra,191820
2741535,DSC,M. Mac Mullen,1723827
2741535,DSC,N. Colmenares,43224
2741535,DSC,M. Bianchi,999249
2741535,DSC,F. Soto,539387
2741535,CAP,N. Pomoli,811063
2741535,CAP,E. Serres,17691
2741535,CAP,N. Lema,1676246
2741535,CAP,A. Ibarguen,1975797
2741535,CAP,F. Bavosi,17071
2741535,CAP,S. Hogan,1642412
2741535,CAP,S. Vescovi,617418
2741535,CAP,E. Romero,2178363
2741535,CAP,M. Rojas,258681
2741539,UUN,N. Bessio,1569431
2741539,UUN,M. Sarni,43252
2741539,UUN,S. Massa,62685
2741539,UUN,B. Curadossi,1714808
2741539,UUN,J. Sacco,1644398
2741539,UUN,N. Amichetti,1643387
2741539,UUN,A. Moller,1765563
2741539,UUN,E. Demers,2534746
2741539,UUN,T. Daniels,2534742
2741539,UUN,H. Thompson,2699789
2741539,UUN,M. Benitez,2074488
2741539,UAT,Q. Wilson,2486591
2741539,UAT,T. Prince,2534741
2741539,UAT,J. Ducasse,208488
2741539,UAT,M. Giano,1338848
2741539,UAT,G. Souza,968070
2741539,UAT,C. Alaekwe,2603089
2741539,UAT,G. Brun,1651515
2741539,UAT,A. Lopez,16807
2741556,COR,D. Higgs,2619903
2741556,COR,J. O'neal,2620318
2741556,COR,T. Araujo,1375364
2741556,COR,T. Leites,983931
2741556,COR,E. Gonzalez,15216
2741556,COR,M. Arregui,1661037
2741556,COR,A. Spruill,2620614
2741556,COR,F. Medina,15257
2741556,COR,P. Rusch,17379
2741556,UUN,N. Bessio,1569431
2741556,UUN,M. Sarni,43252
2741556,UUN,S. Massa,62685
2741556,UUN,B. Curadossi,1714808
2741556,UUN,M. Rodriguez,1937748
2741556,UUN,J. Sacco,1644398
2741556,UUN,N. Amichetti,1643387
2741556,UUN,A. Moller,1765563
2741556,UUN,E. Demers,2534746
2741556,UUN,T. Daniels,2534742
2741556,UUN,H. Thompson,2699789
2741556,UUN,M. Benitez,2074488
2741557,CAP,O. Rosado,2549194
2741557,CAP,N. Pomoli,811063
2741557,CAP,E. Serres,17691
2741557,CAP,N. Lema,1676246
2741557,CAP,C. Heilmann,2544008
2741557,CAP,F. Bavosi,17071
2741557,CAP,S. Hogan,1642412
2741557,CAP,S. Vescovi,617418
2741557,CAP,E. Romero,2178363
2741557,CAP,M. Rojas,258681
2741557,CAP,J. Delgado,2411720
2741557,BIG,D. Hicks,2324181
2741557,BIG,S. Ottonello,191795
2741557,BIG,N. Catala,16616
2741557,BIG,T. Rodriguez,1989296
2741557,BIG,G. Iglesias,16857
2741557,BIG,J. Lamas,2134156
2741557,BIG,M. Espinosa,1942261
2741557,BIG,B. Garcia,16715
2741557,BIG,J. Diaz,2344218
2741557,BIG,J. Matos,2534718
2741557,BIG,W. Reed,2617486
2741557,BIG,A. Sosa,2544022
2741548,WEL,G. Barrera,16739
2741548,WEL,T. Ferguson,2620317
2741548,WEL,R. Previatti,1314581
2741548,WEL,C. Platero,2702537
2741548,WEL,J. Stoll,1645559
2741548,WEL,F. Garcia,1334179
2741548,WEL,J. Ortiz,1719070
2741548,WEL,R. Hassan,312957
2741548,WEL,D. Pena Garcia,1642407
2741548,WEL,F. Sosa,2077420
2741548,WEL,R. Jackson,771526
2741548,DSC,T. Metzger,725720
2741548,DSC,E. Weaver,2589974
2741548,DSC,M. Soto,2250412
2741548,DSC,M. Cuervo,1940451
2741548,DSC,B. Gomez,2243963
2741548,DSC,M. Zubiaurre,17046
2741548,DSC,F. Terra,191820
2741548,DSC,V. Rudd,1639448
2741548,DSC,M. Mac Mullen,1723827
2741548,DSC,N. Colmenares,43224
2741548,DSC,M. Bianchi,999249
2741548,DSC,F. Soto,539387
2741549,AGU,D. Robinson,921915
2741549,AGU,M. Fernandez,2158090
2741549,AGU,J. Osimani,15493
2741549,AGU,S. Vidal,14724
2741549,AGU,E. Clark,2534717
2741549,AGU,F. Pereiras,17571
2741549,AGU,J. Rodriguez,1430994
2741549,AGU,J. Santiso,17101
2741549,AGU,A. Gentile,1717089
2741549,AGU,L. Santos,1314626
2741549,AGU,A. Zuvich,17554
2741549,GOE,E. Bonet,961332
2741549,GOE,T. Cracknell,2619167
2741549,GOE,M. Oyenard,1567203
2741549,GOE,F. Verrone,17044
2741549,GOE,A. Acosta,16508
2741549,GOE,A. Irastorza,1977269
2741549,GOE,J. Strings,2288279
2741549,GOE,A. Pruitt,1871466
2741549,GOE,I. Dos Santos,2154756
2741551,HYM,M. Mayora,258698
2741551,HYM,I. Xavier,727814
2741551,HYM,F. Haller,15217
2741551,HYM,F. Morales,1765561
2741551,HYM,M. Henry,2698439
2741551,HYM,G. Semiglia,16717
2741551,HYM,S. Zanotta,15259
2741551,HYM,L. Viatri,1675384
2741551,HYM,A. Louis,425204
2741551,HYM,J. Canty,2486580
2741551,MAL,J. Webster,2399946
2741551,MAL,M. Romero,16177
2741551,MAL,S. Fernandez,1346396
2741551,MAL,C. Guyton,2321115
2741551,MAL,D. Zekovic,2394559
2741551,MAL,N. Martinez,1645560
2741551,MAL,K. Wachsman,17488
2741551,MAL,O. Medina,17110
2741513,DSC,T. Metzger,725720
2741513,DSC,V. Rudd,1639448
2741513,DSC,E. Weaver,2589974
2741513,DSC,M. Cuervo,1940451
2741513,DSC,M. Zubiaurre,17046
2741513,DSC,F. Terra,191820
2741513,DSC,M. Mac Mullen,1723827
2741513,DSC,N. Colmenares,43224
2741513,DSC,M. Bianchi,999249
2741513,DSC,F. Soto,539387
2741513,CNF,A. Mendez,1894506
2741513,CNF,J. Feldeine,2321121
2741513,CNF,M. Cabot,15196
2741513,CNF,L. Parodi,15251
2741513,CNF,P. Gomez,1661038
2741513,CNF,P. Prieto,1722930
2741513,CNF,E. Oglivie,17628
2741513,CNF,C. Zinaich,2386709
2741513,CNF,B. Barrera,17677
2741513,CNF,G. Espindola,17669
2741506,AGU,D. Robinson,921915
2741506,AGU,M. Fernandez,2158090
2741506,AGU,J. Osimani,15493
2741506,AGU,S. Vidal,14724
2741506,AGU,E. Clark,2534717
2741506,AGU,F. Pereiras,17571
2741506,AGU,J. Rodriguez,1430994
2741506,AGU,J. Santiso,17101
2741506,AGU,A. Gentile,1717089
2741506,AGU,L. Santos,1314626
2741506,AGU,A. Zuvich,17554
2741506,UAT,Q. Wilson,2486591
2741506,UAT,T. Prince,2534741
2741506,UAT,J. Ducasse,208488
2741506,UAT,M. Giano,1338848
2741506,UAT,G. Souza,968070
2741506,UAT,C. Alaekwe,2603089
2741506,UAT,G. Brun,1651515
2741506,UAT,A. Lopez,16807
2741547,AGU,D. Robinson,921915
2741547,AGU,M. Fernandez,2158090
2741547,AGU,J. Osimani,15493
2741547,AGU,S. Vidal,14724
2741547,AGU,E. Clark,2534717
2741547,AGU,F. Pereiras,17571
2741547,AGU,J. Rodriguez,1430994
2741547,AGU,J. Santiso,17101
2741547,AGU,L. Santos,1314626
2741547,AGU,A. Zuvich,17554
2741547,HYM,M. Mayora,258698
2741547,HYM,I. Xavier,727814
2741547,HYM,F. Haller,15217
2741547,HYM,F. Morales,1765561
2741547,HYM,M. Henry,2698439
2741547,HYM,G. Semiglia,16717
2741547,HYM,S. Zanotta,15259
2741547,HYM,L. Viatri,1675384
2741547,HYM,A. Louis,425204
2741547,HYM,J. Canty,2486580
2741554,UAT,Q. Wilson,2486591
2741554,UAT,T. Prince,2534741
2741554,UAT,J. Ducasse,208488
2741554,UAT,M. Giano,1338848
2741554,UAT,G. Souza,968070
2741554,UAT,C. Alaekwe,2603089
2741554,UAT,G. Brun,1651515
2741554,UAT,A. Lopez,16807
2741554,CNF,A. Mendez,1894506
2741554,CNF,J. Feldeine,2321121
2741554,CNF,E. Bell,2413907
2741554,CNF,L. Parodi,15251
2741554,CNF,P. Gomez,1661038
2741554,CNF,P. Prieto,1722930
2741554,CNF,E. Oglivie,17628
2741554,CNF,B. Barrera,17677
2741554,CNF,G. Espindola,17669
2741552,BIG,D. Hicks,2324181
2741552,BIG,S. Ottonello,191795
2741552,BIG,N. Catala,16616
2741552,BIG,T. Rodriguez,1989296
2741552,BIG,G. Iglesias,16857
2741552,BIG,M. Espinosa,1942261
2741552,BIG,B. Garcia,16715
2741552,BIG,J. Matos,2534718
2741552,BIG,W. Reed,2617486
2741552,WEL,G. Barrera,16739
2741552,WEL,T. Ferguson,2620317
2741552,WEL,R. Previatti,1314581
2741552,WEL,J. Stoll,1645559
2741552,WEL,F. Garcia,1334179
2741552,WEL,J. Ortiz,1719070
2741552,WEL,R. Hassan,312957
2741552,WEL,D. Pena Garcia,1642407
2741552,WEL,A. Zaporta,2451012
2741553,DSC,T. Metzger,725720
2741553,DSC,V. Rudd,1639448
2741553,DSC,E. Weaver,2589974
2741553,DSC,M. Zubiaurre,17046
2741553,DSC,F. Terra,191820
2741553,DSC,M. Mac Mullen,1723827
2741553,DSC,N. Colmenares,43224
2741553,DSC,M. Bianchi,999249
2741553,AGU,D. Robinson,921915
2741553,AGU,M. Fernandez,2158090
2741553,AGU,J. Osimani,15493
2741553,AGU,S. Vidal,14724
2741553,AGU,E. Clark,2534717
2741553,AGU,F. Pereiras,17571
2741553,AGU,A. Gentile,1717089
2741553,AGU,L. Santos,1314626
2741553,AGU,A. Zuvich,17554
2741553,AGU,J. Rodriguez,1430994
2741558,MAL,C. Guyton,2321115
2741558,MAL,J. Webster,2399946
2741558,MAL,M. Romero,16177
2741558,MAL,S. Fernandez,1346396
2741558,MAL,D. Zekovic,2394559
2741558,MAL,N. Martinez,1645560
2741558,MAL,K. Wachsman,17488
2741558,MAL,O. Medina,17110
2741558,UAT,Q. Wilson,2486591
2741558,UAT,T. Prince,2534741
2741558,UAT,J. Ducasse,208488
2741558,UAT,M. Giano,1338848
2741558,UAT,G. Souza,968070
2741558,UAT,C. Alaekwe,2603089
2741558,UAT,A. Lopez,16807
2741559,CNF,F. Pereira,2225720
2741559,CNF,A. Mendez,1894506
2741559,CNF,J. Feldeine,2321121
2741559,CNF,M. Cabot,15196
2741559,CNF,P. Gomez,1661038
2741559,CNF,P. Prieto,1722930
2741559,CNF,E. Superi,2150245
2741559,CNF,E. Oglivie,17628
2741559,CNF,C. Zinaich,2386709
2741559,CNF,B. Barrera,17677
2741559,CNF,G. Espindola,17669
2741559,CNF,J. Galeano,1760620
2741559,COR,R. Perry,2706600
2741559,COR,J. O'neal,2620318
2741559,COR,T. Araujo,1375364
2741559,COR,M. Viazzo,1807060
2741559,COR,T. Leites,983931
2741559,COR,O. Senande,1873515
2741559,COR,E. Gonzalez,15216
2741559,COR,M. Arregui,1661037
2741559,COR,T. Charbonnier,2411715
2741559,COR,A. Spruill,2620614
2741559,COR,F. Medina,15257
2741559,COR,P. Rusch,17379
2741555,UUN,N. Bessio,1569431
2741555,UUN,M. Sarni,43252
2741555,UUN,S. Massa,62685
2741555,UUN,B. Curadossi,1714808
2741555,UUN,J. Sacco,1644398
2741555,UUN,N. Amichetti,1643387
2741555,UUN,A. Moller,1765563
2741555,UUN,E. Demers,2534746
2741555,UUN,T. Daniels,2534742
2741555,UUN,H. Thompson,2699789
2741555,UUN,M. Benitez,2074488
2741555,CAP,O. Rosado,2549194
2741555,CAP,N. Pomoli,811063
2741555,CAP,E. Serres,17691
2741555,CAP,N. Lema,1676246
2741555,CAP,F. Bavosi,17071
2741555,CAP,S. Hogan,1642412
2741555,CAP,S. Vescovi,617418
2741555,CAP,E. Romero,2178363
2741555,CAP,S. Calimares,1509909
2741555,CAP,M. Rojas,258681
2741550,GOE,E. Bonet,961332
2741550,GOE,T. Cracknell,2619167
2741550,GOE,M. Oyenard,1567203
2741550,GOE,F. Verrone,17044
2741550,GOE,G. Curbelo,825306
2741550,GOE,A. Acosta,16508
2741550,GOE,A. Irastorza,1977269
2741550,GOE,J. Strings,2288279
2741550,GOE,A. Pruitt,1871466
2741550,GOE,I. Dos Santos,2154756
2741550,HYM,M. Mayora,258698
2741550,HYM,I. Xavier,727814
2741550,HYM,F. Haller,15217
2741550,HYM,F. Morales,1765561
2741550,HYM,M. Henry,2698439
2741550,HYM,G. Semiglia,16717
2741550,HYM,S. Zanotta,15259
2741550,HYM,L. Viatri,1675384
2741550,HYM,A. Louis,425204
2741550,HYM,J. Canty,2486580
