team,name,pos,GP,GS,MIN,PTS,FGM,FGA,2PM,2PA,3PM,3PA,FTM,FTA,OREB,DREB,REB,AST,STL,BLK,TOV,PF
COR,A. Glider,PG,3,3,32.9,24.3,8.7,20.3,6.0,12.3,2.7,8.0,4.3,6.3,1.0,6.7,7.7,4.7,3.3,0.7,2.0,2.7
COR,A. Gilder Jr.,PG,3,3,31.0,24.0,8.7,17.3,6.0,10.3,2.7,7.0,4.0,6.3,1.7,4.0,5.7,2.0,1.0,0.7,3.0,2.0
DSC,E. Weaver,G,15,14,31.4,21.7,7.8,13.5,5.1,7.4,2.7,6.1,3.5,4.7,0.1,3.2,3.3,3.0,1.9,0.1,3.0,2.0
HYM,M. Henry,F,3,3,28.0,21.0,6.7,12.0,5.7,8.7,1.0,3.3,6.7,8.0,1.3,4.7,6.0,3.7,1.3,0.7,2.0,2.3
COR,R. Perry,G,1,0,30.3,21.0,8.0,16.0,6.0,10.0,2.0,6.0,3.0,3.0,0.0,3.0,3.0,3.0,2.0,0.0,5.0,3.0
COR,B. Beamer,F,13,13,30.3,20.6,7.8,14.8,6.0,9.3,1.8,5.5,3.3,4.5,2.4,4.1,6.5,1.0,0.8,0.2,1.8,2.9
WEL,R. Hassan,C,13,13,32.2,20.4,8.8,14.8,8.3,12.8,0.5,2.1,2.4,3.8,1.4,6.5,7.8,1.4,0.4,0.3,2.3,1.5
COR,A. Gilder Jr,,1,0,22.8,20.0,7.0,14.0,3.0,4.0,4.0,10.0,2.0,5.0,1.0,5.0,6.0,6.0,4.0,0.0,2.0,3.0
AGU,E. Clark,PF,22,22,30.4,19.2,6.9,14.3,4.8,9.3,2.1,5.0,3.4,4.1,0.8,5.6,6.5,1.1,0.6,1.2,2.1,1.9
WEL,A. Peña,PF,11,11,33.4,19.2,6.9,12.4,6.6,10.7,0.3,1.6,5.1,6.5,2.2,5.6,7.8,1.8,1.2,0.6,1.5,1.7
MAL,R. Abell,G,14,14,32.0,18.0,6.1,14.0,4.1,6.8,1.9,7.2,3.9,6.1,0.7,2.9,3.6,3.0,0.7,0.1,1.7,1.0
UAT,Q. Wilson,PF,19,18,32.8,17.8,6.9,12.4,6.9,12.1,0.1,0.3,3.9,4.8,2.9,6.1,9.0,2.1,0.8,0.8,1.7,2.6
CNF,C. Zinaich,F,16,11,27.1,17.8,6.4,11.0,5.8,9.1,0.6,1.9,4.3,6.1,2.1,6.3,8.4,2.1,1.7,1.6,2.1,2.1
AGU,D. Sims,PG,8,7,26.8,17.8,5.8,10.6,3.2,5.5,2.5,5.1,3.8,4.1,0.2,1.1,1.4,4.0,1.0,0.1,2.2,1.6
UUN,E. Demers,G,19,18,25.9,17.7,6.1,13.1,2.7,4.8,3.4,8.3,2.3,3.0,0.3,1.7,2.0,1.2,1.2,0.1,1.3,1.7
BIG,J. Matos,PG,22,22,29.4,17.5,6.1,15.0,3.9,8.7,2.2,6.3,3.1,3.9,1.1,5.1,6.2,3.4,1.5,0.2,2.6,2.5
BIG,D. Hicks,G,22,21,32.7,17.4,6.5,12.2,4.0,7.3,2.6,5.0,1.7,2.0,0.8,2.2,3.0,5.1,1.4,0.3,2.2,2.2
COR,A. Spruill,G,8,8,36.3,17.2,6.5,16.8,4.9,10.0,1.6,6.8,2.6,3.5,1.4,5.0,6.4,2.6,0.9,0.5,3.1,1.2
MAL,J. Cruz,F,14,14,30.8,17.1,6.3,15.3,4.3,9.1,2.0,6.1,2.6,3.3,1.2,2.4,3.6,1.9,1.4,0.1,2.4,2.1
GOE,T. Cracknell,PG,9,9,34.8,16.8,5.1,13.4,3.1,8.1,2.0,5.3,4.6,6.0,1.1,3.3,4.4,4.3,1.1,0.1,1.3,2.8
CAP,S. Vescovi,PG,20,20,28.0,16.6,5.2,10.5,2.5,4.2,2.6,6.2,3.6,5.0,0.8,4.5,5.4,5.4,1.8,0.3,2.9,1.6
COR,J. O'neal,F,8,8,33.1,16.6,6.5,12.0,5.9,9.5,0.6,2.5,3.0,4.6,3.6,5.1,8.8,1.5,1.4,1.5,1.1,3.8
UAT,T. Prince,F,22,22,34.5,16.5,6.1,11.2,5.2,7.8,0.9,3.5,3.4,4.4,2.4,4.5,7.0,3.6,1.5,0.9,1.9,2.8
CNF,J. Feldeine,G,20,19,25.5,16.1,5.4,12.2,3.4,6.2,2.0,6.0,3.3,4.2,0.2,2.4,2.6,3.4,1.4,0.1,1.4,1.8
AGU,L. Santos,C,12,12,27.3,15.9,6.0,8.9,5.7,8.2,0.3,0.7,3.6,5.2,2.5,5.9,8.4,0.6,0.7,1.7,1.2,1.8
MAL,J. Webster,PG,8,8,32.8,15.6,6.2,13.1,4.5,8.6,1.8,4.5,1.4,3.0,0.2,2.4,2.6,5.5,1.2,0.0,2.4,1.8
CAP,N. Pomoli,PG,20,19,25.7,15.3,5.2,12.4,3.0,6.7,2.1,5.8,2.9,4.7,1.2,4.4,5.7,5.0,1.6,0.2,2.3,2.7
UAT,I. Ross,G,10,10,29.2,15.1,5.2,13.5,3.2,5.8,2.0,7.7,2.7,4.0,0.8,2.6,3.4,3.3,1.0,0.0,2.7,2.3
GOE,J. Josiah,PG,8,8,27.3,15.0,4.5,10.6,2.2,5.0,2.2,5.6,3.8,4.9,1.8,3.9,5.6,1.4,1.4,0.2,2.0,2.0
MAL,C. Guyton,F,1,0,15.2,15.0,6.0,8.0,3.0,3.0,3.0,5.0,0.0,0.0,1.0,0.0,1.0,2.0,0.0,0.0,1.0,3.0
HYM,A. Louis,PF,21,21,26.7,14.8,5.6,12.8,4.0,8.4,1.6,4.3,2.0,3.3,2.0,4.9,6.9,1.1,1.5,0.4,2.3,3.3
CAP,S. Hogan,F,21,21,28.7,14.6,6.3,11.4,4.8,8.2,1.5,3.2,0.6,1.0,1.4,2.3,3.7,2.5,1.4,0.1,1.3,2.3
GOE,J. Strings,C,12,12,31.6,14.6,6.3,13.8,5.8,12.4,0.5,1.4,1.4,2.7,2.0,6.7,8.7,1.2,0.5,0.8,0.8,1.6
UAT,M. Giano,PG,22,22,33.9,14.3,4.8,10.3,2.9,5.3,2.0,5.0,2.7,3.5,0.6,2.1,2.7,2.7,1.6,0.0,2.3,2.9
GOE,D. Nesbitt,C,7,6,28.1,14.3,4.4,10.1,2.1,5.6,2.3,4.6,3.1,4.0,1.7,5.0,6.7,0.9,1.0,0.6,1.0,2.7
DSC,D. Wilson,PG,6,6,27.7,14.0,4.7,12.0,3.0,5.7,1.7,6.3,3.0,3.2,0.2,1.5,1.7,2.8,0.7,0.0,2.0,2.0
MAL,C. Guyton,PG,1,1,25.4,14.0,4.0,8.0,2.0,3.0,2.0,5.0,4.0,4.0,0.0,2.0,2.0,2.0,0.0,0.0,1.0,3.0
UAT,C. Alaekwe,PG,12,12,33.4,13.8,4.8,14.7,3.0,7.2,1.8,7.5,2.3,3.2,0.5,6.8,7.3,4.5,1.6,0.3,2.2,2.9
COR,D. Higgs,G,7,7,24.9,13.7,4.9,12.0,3.6,7.7,1.3,4.3,2.7,5.3,0.7,3.6,4.3,2.7,2.7,1.6,2.4,3.3
COR,V. Andrade,C,6,6,35.4,13.5,6.0,13.2,6.0,13.0,0.0,0.2,1.5,3.0,3.2,8.0,11.2,2.3,0.7,1.0,3.8,4.0
DSC,F. Terra,G,22,20,29.2,13.4,4.2,11.3,2.7,6.7,1.5,4.6,3.4,4.7,0.7,4.3,5.0,5.5,1.4,0.1,2.9,2.3
GOE,J. Hartwell,G,4,4,31.8,13.2,5.0,14.5,4.0,8.5,1.0,6.0,2.2,2.5,0.5,3.0,3.5,4.0,0.2,0.0,2.8,2.5
BIG,F. Hassell,C,13,13,25.3,13.1,5.8,10.2,5.8,10.2,0.0,0.0,1.4,2.9,3.5,5.1,8.5,1.2,0.7,0.9,1.2,2.4
CAP,A. Ibarguen,PF,19,19,23.9,13.0,5.4,8.1,5.4,7.9,0.0,0.2,2.2,2.9,2.6,3.5,6.1,0.8,0.6,0.2,1.2,1.7
GOE,A. Pruitt,PF,12,12,33.4,12.9,4.9,12.1,3.2,6.7,1.7,5.4,1.4,2.1,3.1,5.4,8.5,2.2,1.5,0.9,1.3,1.4
UUN,E. Buckner,C,5,5,28.2,12.6,5.6,8.2,5.6,8.2,0.0,0.0,1.4,2.4,2.2,4.6,6.8,1.8,0.8,1.4,2.6,3.6
HYM,A. Nation,G,18,18,27.3,12.3,4.7,10.1,3.3,6.2,1.3,3.8,1.6,2.5,1.0,2.8,3.8,2.7,0.9,0.6,2.7,2.7
HYM,J. Canty,C,21,21,27.3,12.3,5.3,9.5,5.3,9.5,0.0,0.0,1.7,2.8,3.0,5.1,8.1,1.4,1.0,1.5,0.8,2.6
UUN,E. Holt,PF,15,15,25.6,12.2,4.4,10.1,2.6,4.7,1.8,5.3,1.6,1.9,1.3,3.8,5.1,1.2,0.3,0.5,1.5,2.6
CNF,E. Oglivie,C,12,12,21.5,12.2,4.9,8.0,4.8,7.6,0.1,0.4,2.2,3.6,1.9,4.1,6.0,1.3,0.9,0.1,1.3,3.3
DSC,T. Metzger,PF,22,6,24.9,12.0,4.5,9.7,2.5,4.2,2.0,5.5,1.0,1.5,1.5,4.0,5.5,1.1,0.3,0.1,1.0,1.5
MAL,D. Zekovic,C,22,17,25.7,12.0,4.5,9.4,3.3,5.5,1.2,3.9,1.8,2.0,1.3,4.9,6.2,1.7,0.6,0.4,1.1,2.5
MAL,N. Martinez,PF,22,7,25.5,12.0,4.2,8.9,2.9,5.3,1.3,3.6,2.4,3.7,1.4,3.3,4.7,0.5,0.7,1.2,1.2,2.0
HYM,F. Haller,PF,21,0,18.1,11.8,4.4,8.3,3.6,6.4,0.8,2.0,2.2,2.7,1.1,3.8,5.0,1.1,0.4,0.2,1.1,2.1
UUN,T. Daniels,C,19,19,23.5,11.8,4.3,6.6,3.7,5.0,0.6,1.6,2.5,3.7,2.4,4.2,6.6,1.8,0.5,0.3,1.6,1.6
WEL,T. Ferguson,SG,8,6,27.9,11.5,4.5,10.8,4.0,8.6,0.5,2.1,2.0,2.8,1.1,1.8,2.9,2.4,1.0,0.5,1.1,2.8
AGU,S. Vidal,G,20,19,27.0,11.4,3.9,8.3,1.6,3.8,2.2,4.5,1.4,1.8,0.7,3.2,3.9,7.5,2.1,0.0,2.8,1.8
WEL,M. Moore,G,9,9,20.7,11.3,4.1,8.6,3.2,7.0,0.9,1.6,2.2,3.0,0.6,2.9,3.4,1.6,0.7,0.1,1.1,1.9
BIG,W. Reed,C,9,9,25.2,11.3,4.0,6.8,4.0,6.8,0.0,0.0,3.3,5.7,2.1,4.3,6.4,1.4,0.3,1.9,0.7,2.1
WEL,D. Esparza,G,6,6,21.1,10.7,4.0,9.0,2.7,4.2,1.3,4.8,1.3,2.2,0.2,0.8,1.0,0.7,0.5,0.2,0.7,2.3
CAP,G. Whittington,C,7,7,22.7,10.7,3.7,7.4,2.3,3.6,1.4,3.9,1.9,2.1,1.3,4.3,5.6,2.1,1.4,0.9,1.4,2.9
CNF,P. Prieto,G,22,18,22.3,10.6,3.9,8.5,1.9,3.6,2.0,5.0,1.0,1.2,0.6,2.0,2.6,1.9,1.9,0.1,0.7,2.6
WEL,S. Moglia,F,17,12,25.2,10.5,3.9,8.4,2.2,3.2,1.6,5.1,1.1,1.4,0.4,2.9,3.3,1.8,1.2,0.1,1.2,1.1
UUN,S. Massa,F,22,7,22.5,10.3,3.6,8.8,1.5,2.8,2.0,6.0,1.1,1.8,0.7,1.7,2.4,1.3,1.0,0.5,0.8,2.0
CAP,E. Serres,F,16,1,22.6,10.3,3.4,7.6,1.9,3.6,1.6,4.0,1.9,2.7,1.3,3.0,4.3,1.8,0.4,0.3,1.7,2.3
DSC,V. Rudd,,3,3,21.5,10.3,3.7,13.0,1.7,4.7,2.0,8.3,1.0,2.0,0.3,1.3,1.7,2.7,1.7,0.0,1.7,1.7
WEL,C. Mc Evans,G,5,2,20.0,10.2,3.2,9.0,2.0,4.0,1.2,5.0,2.6,2.8,0.0,1.2,1.2,1.8,0.4,0.0,1.4,1.8
CNF,E. Bell,PF,14,10,22.7,10.1,4.4,7.1,4.3,6.6,0.1,0.6,1.4,2.9,2.9,4.2,7.1,1.1,0.6,0.5,1.3,2.4
BIG,S. Ottonello,PF,22,0,20.0,10.0,3.8,7.5,3.3,6.0,0.5,1.5,2.0,2.6,1.5,3.3,4.8,1.5,0.6,0.4,1.2,3.0
AGU,J. Santiso,G,21,17,28.2,9.9,3.2,8.8,1.9,4.2,1.3,4.6,2.0,2.8,0.5,4.0,4.5,6.4,0.8,0.0,2.6,1.8
WEL,F. Garcia,G,22,6,23.2,9.8,3.3,8.1,1.2,2.9,2.0,5.2,1.2,1.5,0.2,1.2,1.4,3.4,1.0,0.1,1.8,2.0
GOE,M. Oyenard,PG,21,12,22.5,9.8,3.9,7.7,3.3,5.6,0.6,2.1,1.3,1.7,1.8,2.6,4.4,2.2,0.7,0.5,1.3,2.5
DSC,N. Colmenares,PF,20,19,25.3,9.7,4.4,7.0,4.4,7.0,0.0,0.0,0.8,2.4,3.0,5.8,8.8,1.8,1.1,0.5,1.4,3.0
DSC,D. Wright,PF,12,8,22.7,9.6,3.5,7.7,2.4,4.8,1.1,2.9,1.5,1.8,0.9,1.1,2.0,1.3,0.7,0.7,0.8,2.0
BIG,G. Iglesias,PF,22,22,23.7,9.4,3.2,7.6,1.5,3.0,1.7,4.6,1.3,1.6,0.5,2.5,3.0,1.4,0.5,0.3,1.2,1.3
UUN,H. Thompson,F,3,2,10.7,9.3,3.3,7.7,2.0,4.7,1.3,3.0,1.3,1.3,0.3,2.3,2.7,1.3,0.7,0.0,0.3,1.3
AGU,A. Zuvich,C,22,4,19.7,9.2,3.2,5.4,2.9,4.4,0.3,1.0,2.5,3.1,1.7,2.9,4.5,1.1,0.6,0.2,1.0,3.0
CAP,E. Romero,C,12,4,20.9,9.2,3.7,6.4,3.4,5.5,0.2,0.9,1.6,2.6,1.9,3.3,5.2,0.6,0.7,1.1,1.4,2.5
CNF,L. Parodi,G,21,20,23.7,9.1,3.1,7.9,1.7,3.8,1.5,4.1,1.3,2.0,0.8,2.1,2.9,4.8,1.6,0.0,2.4,2.6
GOE,E. Bonet,PG,22,14,25.1,9.0,3.4,8.8,2.5,5.1,0.9,3.7,1.2,2.0,0.6,1.6,2.2,3.9,0.9,0.0,1.7,3.1
COR,V. Clemente Baffuto,C,8,8,23.7,9.0,3.9,7.5,3.9,7.5,0.0,0.0,1.2,3.5,3.1,4.2,7.4,1.1,0.1,1.5,2.8,3.8
WEL,R. Jackson,C,3,1,25.8,9.0,4.0,9.7,4.0,9.3,0.0,0.3,1.0,1.3,2.7,5.7,8.3,1.7,0.7,2.7,2.0,2.3
HYM,G. Semiglia,F,16,4,22.0,8.8,2.8,8.2,0.4,1.1,2.4,7.1,0.8,1.0,0.6,1.9,2.5,2.8,0.7,0.1,1.8,2.4
AGU,J. Rodriguez,F,22,3,18.7,8.8,3.0,6.5,1.7,3.0,1.3,3.6,1.6,2.5,0.5,2.1,2.6,1.3,1.1,0.4,1.4,2.5
COR,F. Medina,G,21,4,22.6,8.8,3.0,7.5,1.9,4.0,1.1,3.5,1.7,2.6,0.7,1.0,1.7,3.2,0.6,0.2,2.5,2.0
WEL,A. Arevalo,F,11,8,22.9,8.8,3.1,10.5,1.1,3.5,2.0,6.9,0.6,1.0,0.3,4.8,5.1,2.1,1.1,0.0,2.5,3.0
MAL,D. Davis,G,6,6,27.5,8.8,3.3,9.3,2.2,5.2,1.2,4.2,1.0,2.2,1.2,2.2,3.3,2.8,1.0,0.0,2.3,2.0
UUN,A. Moller,F,18,2,17.7,8.7,3.2,6.8,2.4,3.9,0.8,2.9,1.4,3.2,1.3,2.9,4.2,1.1,0.9,0.1,0.9,3.1
UUN,M. Sarni,G,22,22,27.8,8.6,3.0,7.8,2.2,5.7,0.8,2.1,1.7,2.6,1.6,2.9,4.5,9.6,2.6,0.0,2.5,2.4
GOE,X. Couste,F,16,2,19.5,8.6,2.8,6.7,1.2,2.2,1.6,4.4,1.4,2.1,0.2,1.5,1.7,0.9,0.2,0.2,1.1,3.4
WEL,J. Ortiz,G,2,0,19.7,8.5,3.0,5.0,1.5,2.5,1.5,2.5,1.0,2.5,0.5,2.5,3.0,1.0,0.0,0.0,0.5,2.0
WEL,J. Ortiz,G,9,6,16.4,8.4,2.7,5.7,1.8,3.0,0.9,2.7,2.2,3.2,0.8,2.2,3.0,2.0,1.1,0.0,0.8,2.4
UAT,J. Ducasse,F,22,22,27.7,8.3,3.2,7.7,2.3,3.8,0.9,3.9,1.0,1.7,1.3,5.1,6.5,1.2,0.8,1.0,1.0,3.2
MAL,S. Fernandez,G,22,16,21.7,8.3,3.1,8.3,1.5,3.6,1.6,4.7,0.5,0.7,0.6,2.5,3.1,2.8,0.9,0.0,1.4,1.5
UUN,M. Benitez,PF,20,18,19.0,8.2,3.1,6.7,2.6,4.1,0.5,2.6,1.4,2.1,2.0,2.4,4.5,0.9,0.7,0.3,0.8,2.0
GOE,S. Conceicao,C,10,10,26.4,8.2,3.1,6.8,2.4,4.8,0.7,2.0,1.3,2.0,1.6,4.5,6.1,0.7,0.9,1.4,1.6,2.9
COR,K. Higgins,G,4,3,19.6,8.2,3.2,9.5,2.2,5.8,1.0,3.8,0.8,0.8,1.5,2.5,4.0,3.8,0.0,0.0,1.8,1.0
GOE,A. Acosta,G,18,17,25.2,8.2,2.7,7.4,1.4,3.1,1.3,4.3,1.4,1.8,0.6,2.0,2.6,3.7,1.2,0.3,2.3,2.2
UAT,A. Lopez,SG,22,0,18.6,8.1,2.8,6.8,1.0,2.4,1.8,4.5,0.8,0.9,0.9,1.5,2.4,1.0,0.5,0.1,0.9,2.0
HYM,I. Xavier,F,21,17,21.9,7.9,2.8,6.7,2.0,3.9,0.8,2.8,1.6,2.3,1.6,2.7,4.2,1.9,0.8,0.2,1.3,3.2
UUN,B. Curadossi,PG,22,0,18.4,7.8,3.0,6.6,1.9,3.5,1.1,3.1,0.8,1.2,1.2,2.3,3.5,2.0,1.1,0.2,1.7,2.1
AGU,F. Pereiras,PG,22,19,22.6,7.7,2.7,6.2,1.5,2.5,1.2,3.8,1.0,1.4,1.0,1.5,2.5,1.5,0.7,0.0,0.7,2.5
DSC,F. Soto,F,18,12,25.5,7.7,3.0,6.9,1.7,2.9,1.3,4.0,0.3,0.7,0.6,3.0,3.6,1.5,0.8,0.3,0.7,2.9
CNF,A. Mendez,G,22,2,16.7,7.5,2.6,5.4,0.9,1.6,1.7,3.8,0.6,0.9,0.6,1.7,2.4,2.2,0.7,0.0,0.9,2.3
CNF,G. Espindola,F,22,15,22.0,7.5,2.6,6.8,1.9,4.8,0.7,2.0,1.7,2.7,1.8,3.0,4.8,1.5,1.1,0.1,0.9,1.7
COR,E. Gonzalez,F,22,3,22.2,7.4,2.7,7.0,1.5,3.0,1.2,3.9,0.8,1.0,1.0,2.8,3.7,1.8,0.5,0.0,1.5,3.3
HYM,S. Zanotta,G,21,19,26.3,7.3,2.5,7.3,1.2,2.6,1.3,4.7,1.0,1.2,0.3,2.6,2.9,5.6,0.8,0.1,2.5,2.6
GOE,F. Verrone,PF,19,1,19.6,7.3,2.3,5.6,0.4,0.9,1.8,4.6,0.9,1.0,0.6,3.3,3.9,1.4,0.9,0.4,1.2,2.2
COR,T. Leites,F,22,12,23.2,7.3,2.9,5.5,2.8,4.9,0.0,0.6,1.5,2.1,1.1,1.8,2.9,1.1,0.3,0.2,0.6,1.5
AGU,E. Mockevicius,C,7,6,18.1,7.1,2.7,5.1,2.7,4.7,0.0,0.4,1.7,2.6,3.1,5.1,8.3,0.1,0.9,0.9,0.4,2.4
MAL,M. Romero,G,22,5,22.3,7.1,2.2,5.9,0.7,1.8,1.5,4.1,1.3,1.7,1.0,2.0,3.0,2.7,0.8,0.0,1.8,2.9
BIG,M. Espinosa,G,21,21,21.0,7.0,2.6,5.6,1.9,3.0,0.7,2.7,1.0,1.3,0.9,1.8,2.7,2.7,1.4,0.0,1.1,2.9
DSC,E. Ewing,,4,4,15.5,7.0,3.0,8.0,2.5,6.0,0.5,2.0,0.5,1.2,1.0,3.5,4.5,1.0,0.0,0.0,1.2,1.5
WEL,A. Zaporta,C,1,0,22.8,7.0,2.0,9.0,2.0,8.0,0.0,1.0,3.0,5.0,1.0,11.0,12.0,1.0,0.0,2.0,1.0,3.0
DSC,M. Zubiaurre,G,22,13,18.6,6.9,2.7,5.7,2.2,3.8,0.5,1.9,0.9,1.2,0.9,2.0,2.9,2.0,0.4,0.3,1.0,2.2
HYM,M. Mayora,G,21,2,22.1,6.6,2.2,5.3,1.8,4.0,0.4,1.3,1.8,2.4,0.8,2.0,2.8,2.6,1.4,0.0,0.8,1.8
DSC,M. Bianchi,PF,22,5,19.4,6.6,2.3,3.7,2.2,3.5,0.0,0.2,2.0,2.6,1.4,2.0,3.4,1.0,0.6,0.5,1.0,2.0
CNF,B. Barrera,F,22,0,15.2,6.5,2.3,5.8,1.4,2.7,0.9,3.1,1.0,1.4,0.5,1.9,2.4,0.9,0.4,0.1,1.1,1.5
CAP,M. Rojas,PF,21,8,20.8,6.2,2.5,4.8,2.2,4.2,0.2,0.6,1.0,1.9,1.6,4.3,5.9,2.1,0.5,0.1,1.7,2.4
UAT,G. Souza,F,13,4,24.7,6.2,2.2,5.3,0.9,1.5,1.3,3.8,0.5,0.8,0.6,1.9,2.5,1.2,0.5,0.2,0.6,2.5
AGU,J. Osimani,SG,9,1,19.3,6.0,2.2,6.2,1.2,2.8,1.0,3.4,0.6,0.8,0.4,0.8,1.2,0.4,0.4,0.1,0.4,2.0
GOE,A. Rand,PF,3,3,18.8,5.7,2.3,5.3,2.0,3.0,0.3,2.3,0.7,2.0,0.3,5.0,5.3,0.7,0.0,1.0,1.0,2.0
BIG,T. Rodriguez,G,22,1,12.7,5.5,2.0,4.5,1.3,2.4,0.7,2.1,0.7,1.0,0.2,1.1,1.3,1.3,0.5,0.0,1.2,1.5
CNF,M. Cabot,G,19,2,15.9,5.5,2.0,5.2,1.2,2.3,0.8,2.9,0.7,0.9,0.4,1.1,1.4,0.9,0.6,0.0,0.5,2.0
WEL,R. Previatti,PF,21,8,15.1,5.3,2.1,3.8,1.6,2.9,0.5,0.9,0.6,1.1,0.9,1.8,2.7,0.8,0.4,0.3,0.7,3.0
COR,P. Rusch,G,22,22,23.2,5.3,1.6,4.1,0.6,1.3,1.0,2.8,1.0,1.3,0.5,2.6,3.1,3.6,1.1,0.0,2.3,3.2
DSC,G. Rodriguez,G,1,0,3.2,5.0,2.0,3.0,1.0,2.0,1.0,1.0,0.0,0.0,0.0,0.0,0.0,1.0,1.0,0.0,0.0,1.0
WEL,D. Pena Garcia,F,20,1,17.8,4.8,1.5,4.4,0.3,0.7,1.2,3.7,0.6,0.8,0.1,2.2,2.4,1.1,0.4,0.0,0.7,1.6
MAL,K. Wachsman,PF,22,22,25.3,4.6,1.5,3.2,1.5,3.1,0.0,0.1,1.5,2.5,2.6,4.9,7.5,0.9,0.6,0.5,1.1,2.3
MAL,O. Medina,F,22,0,13.7,4.6,2.0,3.3,2.0,3.2,0.0,0.1,0.5,0.9,1.1,1.5,2.6,0.5,0.5,0.0,0.5,2.0
CNF,P. Gomez,C,17,0,14.5,4.6,1.6,3.6,1.6,3.5,0.0,0.1,1.4,1.9,1.6,1.8,3.5,0.5,0.2,0.4,1.0,2.5
AGU,M. Simon,PF,2,0,16.8,4.5,1.5,4.0,1.5,4.0,0.0,0.0,1.5,2.0,1.5,4.0,5.5,0.5,1.0,1.0,0.5,2.5
GOE,I. Dos Santos,F,17,0,9.9,4.3,1.5,3.6,0.3,0.9,1.2,2.8,0.2,0.2,0.1,0.4,0.5,0.2,0.2,0.1,0.5,1.4
UUN,J. Sacco,PF,19,0,13.0,4.3,1.7,3.3,1.6,3.1,0.1,0.2,0.9,2.1,1.7,2.1,3.8,1.5,0.8,0.3,1.7,2.7
WEL,G. Barrera,G,20,17,23.8,4.1,1.4,4.7,0.7,1.9,0.7,2.8,0.6,0.8,0.1,2.0,2.1,4.8,1.1,0.2,2.4,2.2
CAP,N. Lema,PG,15,3,18.2,4.1,1.5,3.5,0.5,0.7,0.9,2.8,0.2,0.4,0.7,1.8,2.5,1.1,0.7,0.1,0.6,1.7
BIG,B. Garcia,PG,20,1,19.2,4.0,1.3,4.1,0.2,0.6,1.1,3.5,0.3,0.4,0.5,1.5,1.9,0.8,0.2,0.1,0.5,1.3
WEL,R. Cardozo,F,3,0,18.4,4.0,2.0,4.3,2.0,4.3,0.0,0.0,0.0,0.0,1.3,3.0,4.3,1.0,0.3,0.3,0.0,2.3
BIG,N. Catala,F,22,0,13.1,3.8,1.2,3.8,0.5,1.2,0.7,2.5,0.6,0.9,0.5,1.7,2.2,0.6,0.2,0.2,0.3,1.7
CAP,S. Calimares,G,15,1,11.6,3.7,1.3,3.1,0.7,1.6,0.5,1.5,0.6,1.1,0.4,1.7,2.1,1.2,0.1,0.1,0.6,1.1
COR,T. Araujo,F,12,8,12.1,3.7,1.5,3.8,1.1,2.4,0.4,1.4,0.2,0.5,0.9,0.2,1.2,0.4,0.2,0.0,0.4,1.4
DSC,M. Mac Mullen,PG,22,0,10.8,3.6,1.3,2.9,0.7,1.5,0.6,1.5,0.4,0.6,0.7,0.8,1.5,0.4,0.5,0.0,0.2,1.9
DSC,M. Cuervo,G,2,0,4.4,3.5,1.0,2.5,0.5,1.5,0.5,1.0,1.0,1.0,0.0,0.5,0.5,0.0,1.0,0.0,0.5,0.5
UUN,M. Jounes,C,9,0,8.2,3.4,1.3,3.0,1.2,2.8,0.1,0.2,0.7,1.3,1.0,1.8,2.8,0.1,0.2,0.1,0.7,1.2
AGU,A. Gentile,C,21,0,7.3,3.3,1.2,2.2,1.1,1.8,0.1,0.5,0.8,1.1,0.4,1.1,1.5,0.2,0.2,0.2,0.2,1.5
BIG,A. Sosa,F,3,0,6.4,3.3,1.3,2.3,1.0,1.3,0.3,1.0,0.3,0.7,0.7,0.3,1.0,0.3,0.0,0.0,0.0,1.0
AGU,D. Robinson,PG,3,0,11.6,3.3,1.3,3.3,0.7,1.7,0.7,1.7,0.0,0.0,0.0,1.0,1.0,1.0,0.7,0.0,0.3,1.0
HYM,F. Morales,PF,20,0,8.3,3.2,1.1,3.0,0.4,1.0,0.7,1.9,0.3,0.6,0.7,0.6,1.3,0.5,0.3,0.1,0.1,1.1
CAP,C. Heilmann,PF,12,2,6.9,3.2,1.1,2.2,0.7,1.1,0.4,1.2,0.7,0.8,0.2,0.3,0.5,0.4,0.2,0.1,0.4,1.0
WEL,J. Stoll,G,22,4,13.5,3.0,1.0,2.6,0.7,1.0,0.3,1.6,0.8,1.2,0.4,1.4,1.8,1.8,0.8,0.0,1.5,2.5
DSC,S. Tricot,F,1,0,2.1,3.0,1.0,2.0,0.0,0.0,1.0,2.0,0.0,0.0,0.0,0.0,0.0,0.0,0.0,0.0,0.0,0.0
CAP,L. Quiñones,C,1,0,1.6,3.0,1.0,1.0,1.0,1.0,0.0,0.0,1.0,2.0,2.0,0.0,2.0,0.0,0.0,0.0,1.0,1.0
HYM,S. Chanes,G,2,0,1.2,3.0,1.0,1.5,0.0,0.5,1.0,1.0,0.0,0.0,0.0,0.0,0.0,0.0,0.0,0.0,0.0,0.5
UUN,N. Amichetti,PF,7,0,11.2,3.0,1.0,3.7,0.7,1.4,0.3,2.3,0.7,1.0,0.7,0.9,1.6,0.1,0.7,0.0,0.3,2.3
AGU,D. Robinson,G,1,0,13.4,3.0,1.0,2.0,0.0,1.0,1.0,1.0,0.0,0.0,1.0,0.0,1.0,0.0,0.0,0.0,0.0,1.0
HYM,L. Viatri,C,12,0,8.0,2.8,1.1,1.7,1.1,1.7,0.0,0.0,0.7,0.8,0.7,0.8,1.5,0.2,0.2,0.2,0.3,0.8
COR,L. Planells,G,14,0,14.9,2.8,1.0,3.1,0.4,0.6,0.6,2.5,0.1,0.3,0.5,0.9,1.4,2.7,0.6,0.1,0.9,1.1
COR,M. Arregui,C,9,2,9.6,2.7,1.0,2.6,0.9,1.9,0.1,0.7,0.6,0.9,0.3,2.1,2.4,0.2,0.4,0.1,0.3,2.1
BIG,J. Lamas,F,5,0,4.6,2.6,1.0,1.6,0.4,0.4,0.6,1.2,0.0,0.0,0.2,0.4,0.6,0.6,0.0,0.0,0.2,1.2
UAT,M. Astramskas,F,13,0,7.6,2.4,0.8,2.5,0.6,1.3,0.2,1.2,0.5,0.5,0.3,0.5,0.8,0.5,0.2,0.0,0.5,2.0
CNF,G. Galeano,F,7,1,5.3,2.4,0.7,1.3,0.6,1.0,0.1,0.3,0.9,1.3,0.1,0.3,0.4,0.4,0.4,0.0,0.6,1.1
GOE,A. Irastorza,PF,19,0,5.6,2.3,0.8,1.7,0.8,1.6,0.1,0.2,0.6,1.2,0.5,0.9,1.4,0.0,0.1,0.1,0.6,0.6
AGU,T. Barragan,G,7,0,2.6,2.3,0.9,1.0,0.3,0.3,0.6,0.7,0.0,0.0,0.1,0.1,0.3,0.1,0.3,0.0,0.4,0.1
UUN,M. Rodriguez,G,14,2,8.3,2.2,1.0,2.6,1.0,2.1,0.0,0.4,0.2,0.4,0.5,1.0,1.5,0.6,0.2,0.0,0.5,1.3
CAP,F. Bavosi,G,20,0,14.2,2.2,0.8,2.5,0.3,0.7,0.5,1.8,0.1,0.3,0.5,1.4,1.8,1.9,0.5,0.1,0.9,1.1
UUN,F. Moleda,F,4,0,2.8,2.2,1.0,1.8,0.8,0.8,0.2,1.0,0.0,0.0,0.0,0.2,0.2,0.0,0.2,0.0,0.0,0.0
AGU,M. Fernandez,PG,21,0,6.9,2.1,0.7,1.6,0.1,0.3,0.6,1.3,0.2,0.2,0.2,0.7,0.9,0.5,0.2,0.0,0.7,1.2
DSC,M. Antunez,G,14,0,6.5,2.1,0.6,1.8,0.5,1.1,0.1,0.7,0.9,1.3,0.2,0.6,0.9,0.6,0.4,0.2,0.6,1.4
UUN,R. Schellemberg,F,1,0,5.6,2.0,1.0,5.0,1.0,3.0,0.0,2.0,0.0,0.0,1.0,1.0,2.0,0.0,0.0,0.0,0.0,1.0
WEL,F. Giovanetti,F,1,0,1.6,2.0,1.0,1.0,1.0,1.0,0.0,0.0,0.0,0.0,0.0,0.0,0.0,0.0,0.0,0.0,0.0,1.0
COR,M. Macias,F,1,0,0.8,2.0,1.0,2.0,1.0,2.0,0.0,0.0,0.0,0.0,1.0,0.0,1.0,0.0,0.0,0.0,0.0,0.0
UAT,F. Taborda,F,1,0,2.4,2.0,1.0,1.0,1.0,1.0,0.0,0.0,0.0,0.0,0.0,0.0,0.0,0.0,0.0,0.0,0.0,0.0
UUN,N. Bessio,G,20,0,7.2,1.8,0.6,1.9,0.2,0.8,0.3,1.1,0.2,0.4,0.1,0.5,0.6,1.6,0.1,0.0,1.1,1.4
CNF,L. Imas,F,4,0,1.8,1.8,0.5,1.0,0.2,0.5,0.2,0.5,0.5,0.5,0.0,0.0,0.0,0.0,0.0,0.8,0.2,0.2
BIG,A. Payovich,F,9,0,9.1,1.7,0.4,1.0,0.3,0.7,0.1,0.3,0.7,1.6,0.4,1.4,1.9,0.3,0.2,0.1,0.4,0.6
MAL,N. Rodriguez,PG,9,0,5.7,1.7,0.6,1.6,0.2,0.7,0.3,0.9,0.2,0.2,0.2,0.8,1.0,0.3,0.3,0.2,0.7,1.0
COR,O. Senande,G,11,0,4.7,1.6,0.4,1.0,0.2,0.5,0.2,0.5,0.7,1.7,0.1,0.7,0.8,0.5,0.3,0.0,0.5,0.1
MAL,E. Espinosa,F,5,0,2.2,1.6,0.8,1.2,0.8,1.0,0.0,0.2,0.0,0.0,0.2,0.0,0.2,0.0,0.0,0.0,0.0,0.2
CNF,E. Superi,G,14,0,4.4,1.4,0.4,1.2,0.2,0.5,0.2,0.7,0.3,0.4,0.1,0.5,0.6,0.6,0.3,0.0,0.7,0.5
BIG,J. Diaz,PF,3,0,3.9,1.3,0.7,1.0,0.7,0.7,0.0,0.3,0.0,0.0,0.7,0.7,1.3,0.0,0.0,0.0,0.0,0.7
CNF,F. Pereira,G,3,0,2.3,1.3,0.3,0.7,0.0,0.3,0.3,0.3,0.3,0.7,0.0,0.7,0.7,0.7,0.0,0.0,0.3,0.3
AGU,V. Acuña,C,5,0,1.8,1.2,0.4,1.4,0.0,0.0,0.4,1.4,0.0,0.0,0.4,0.0,0.4,0.0,0.0,0.0,0.0,0.0
HYM,T. Bentancour,F,4,0,1.9,1.2,0.5,1.2,0.2,0.2,0.2,1.0,0.0,0.0,0.2,0.0,0.2,0.5,0.0,0.0,0.0,0.8
AGU,B. Traversa,F,5,0,1.3,1.0,0.4,1.2,0.4,0.8,0.0,0.4,0.2,0.2,0.2,0.4,0.6,0.0,0.0,0.0,0.2,0.2
DSC,B. Gomez,C,6,0,3.1,1.0,0.5,1.0,0.5,0.7,0.0,0.3,0.0,0.0,0.3,0.3,0.7,0.2,0.0,0.0,0.0,0.0
CAP,O. Rosado,F,10,0,3.2,1.0,0.4,1.4,0.2,0.5,0.2,0.9,0.0,0.0,0.0,0.7,0.7,0.4,0.0,0.0,0.4,0.5
COR,J. Agostini,F,1,0,1.9,1.0,0.0,0.0,0.0,0.0,0.0,0.0,1.0,2.0,0.0,1.0,1.0,1.0,0.0,0.0,0.0,0.0
WEL,R. Lagos,F,2,0,1.1,1.0,0.5,1.0,0.5,0.5,0.0,0.5,0.0,0.0,0.0,0.5,0.5,0.0,0.0,0.0,0.0,0.0
UAT,G. Brun,G,19,0,4.9,0.9,0.3,1.5,0.2,0.9,0.1,0.5,0.2,0.2,0.1,0.6,0.7,0.5,0.2,0.0,0.3,0.5
MAL,F. Brun,G,8,0,3.8,0.9,0.4,0.9,0.2,0.4,0.1,0.5,0.0,0.0,0.1,0.4,0.5,0.0,0.0,0.0,0.1,0.9
BIG,J. Duran,PG,6,0,5.6,0.8,0.3,1.8,0.2,0.5,0.2,1.3,0.0,0.0,0.0,0.3,0.3,1.0,0.5,0.0,0.3,0.3
COR,T. Charbonnier,C,5,0,1.2,0.8,0.2,0.2,0.2,0.2,0.0,0.0,0.4,0.4,0.2,0.2,0.4,0.0,0.0,0.0,0.0,0.0
HYM,A. Hazan,F,5,0,1.2,0.8,0.2,0.4,0.2,0.2,0.0,0.2,0.4,0.4,0.2,0.2,0.4,0.0,0.0,0.0,0.0,0.4
WEL,F. Sosa,F,6,0,1.7,0.7,0.2,0.8,0.0,0.2,0.2,0.7,0.2,0.3,0.2,0.0,0.2,0.5,0.2,0.0,0.5,0.5
CNF,J. Galeano,F,9,0,3.4,0.6,0.2,1.3,0.2,0.7,0.0,0.7,0.1,0.7,0.2,0.2,0.4,0.1,0.3,0.0,0.4,0.3
CAP,J. Delgado,F,8,0,1.5,0.5,0.1,0.6,0.0,0.2,0.1,0.4,0.1,0.5,0.0,0.1,0.1,0.1,0.1,0.0,0.0,0.0
UAT,L. Gomez,F,4,0,4.5,0.5,0.2,1.5,0.2,0.5,0.0,1.0,0.0,0.0,0.5,1.2,1.8,0.0,0.5,0.0,0.0,1.2
GOE,G. Curbelo,PG,4,0,4.0,0.5,0.2,1.2,0.2,0.5,0.0,0.8,0.0,0.0,0.0,0.0,0.0,0.2,0.0,0.0,0.2,1.0
COR,M. Schell,F,5,0,1.4,0.4,0.2,0.4,0.2,0.2,0.0,0.2,0.0,0.0,0.2,0.6,0.8,0.0,0.0,0.0,0.0,0.2
CNF,L. Bennett,F,5,0,3.4,0.4,0.2,1.0,0.2,0.6,0.0,0.4,0.0,1.2,0.6,0.8,1.4,0.0,0.2,0.0,0.2,0.4
COR,M. Viazzo,G,14,0,4.0,0.4,0.1,0.9,0.1,0.4,0.1,0.4,0.1,0.1,0.1,0.4,0.4,0.4,0.2,0.0,0.6,0.8
UUN,F. Satut Hornos,C,3,0,5.4,0.3,0.0,0.7,0.0,0.7,0.0,0.0,0.3,0.7,0.0,1.0,1.0,0.3,0.0,0.0,0.0,2.0
WEL,T. Segui,F,4,0,1.0,0.0,0.0,0.2,0.0,0.0,0.0,0.2,0.0,0.0,0.0,0.2,0.2,0.0,0.0,0.0,0.0,0.2
UAT,J. Brisset,PG,1,0,0.9,0.0,0.0,0.0,0.0,0.0,0.0,0.0,0.0,0.0,0.0,0.0,0.0,0.0,0.0,0.0,0.0,0.0
UAT,L. Echeverria,C,5,0,2.0,0.0,0.0,0.0,0.0,0.0,0.0,0.0,0.0,0.0,0.2,0.2,0.4,0.0,0.0,0.0,0.2,0.4
DSC,M. Soto,F,2,0,0.9,0.0,0.0,0.0,0.0,0.0,0.0,0.0,0.0,0.0,0.0,0.0,0.0,0.0,0.0,0.0,0.5,0.5
GOE,F. Caballero,F,4,0,2.7,0.0,0.0,0.5,0.0,0.2,0.0,0.2,0.0,0.0,0.2,0.5,0.8,0.5,0.0,0.0,0.8,0.2
GOE,J. Terra,F,2,0,1.4,0.0,0.0,1.0,0.0,0.5,0.0,0.5,0.0,0.0,0.0,0.0,0.0,0.0,0.0,0.0,0.0,0.0
GOE,F. Rivor,F,1,0,1.6,0.0,0.0,0.0,0.0,0.0,0.0,0.0,0.0,0.0,0.0,0.0,0.0,0.0,0.0,0.0,0.0,0.0
COR,L. San Sebastian,F,1,0,1.8,0.0,0.0,1.0,0.0,0.0,0.0,1.0,0.0,0.0,0.0,0.0,0.0,0.0,0.0,0.0,0.0,0.0
AGU,I. Ramirez,F,1,0,1.3,0.0,0.0,2.0,0.0,2.0,0.0,0.0,0.0,0.0,0.0,0.0,0.0,0.0,0.0,0.0,0.0,0.0
MAL,C. Gagliano,F,3,0,1.2,0.0,0.0,0.7,0.0,0.7,0.0,0.0,0.0,0.0,0.7,1.0,1.7,0.3,0.0,0.0,0.0,0.3
COR,S. Garcia,F,2,0,1.6,0.0,0.0,1.0,0.0,0.5,0.0,0.5,0.0,0.0,0.0,0.0,0.0,0.0,0.0,0.0,0.5,0.0
DSC,G. Rodriguez,,1,0,1.4,0.0,0.0,0.0,0.0,0.0,0.0,0.0,0.0,0.0,0.0,0.0,0.0,0.0,0.0,0.0,0.0,0.0
WEL,S. Martinez,F,2,0,2.0,0.0,0.0,0.5,0.0,0.0,0.0,0.5,0.0,0.0,0.5,0.0,0.5,0.0,0.0,0.0,0.0,0.0
UAT,I. Loriente,SG,2,0,8.5,0.0,0.0,2.0,0.0,0.0,0.0,2.0,0.0,0.0,0.0,1.5,1.5,0.5,0.0,0.0,1.5,1.0
WEL,M. Prota,F,1,0,1.0,0.0,0.0,0.0,0.0,0.0,0.0,0.0,0.0,0.0,0.0,0.0,0.0,0.0,0.0,0.0,0.0,1.0
DSC,F. De Leon,F,1,0,2.4,0.0,0.0,0.0,0.0,0.0,0.0,0.0,0.0,0.0,0.0,1.0,1.0,0.0,0.0,0.0,0.0,0.0
HYM,G. Volcan,G,2,0,1.3,0.0,0.0,0.0,0.0,0.0,0.0,0.0,0.0,0.0,0.0,0.0,0.0,0.5,0.5,0.0,0.0,0.5
GOE,F. Gastaldi,F,1,0,1.8,0.0,0.0,0.0,0.0,0.0,0.0,0.0,0.0,0.0,0.0,0.0,0.0,0.0,0.0,0.0,0.0,0.0
MAL,N. Rodriguez,F,1,0,2.5,0.0,0.0,0.0,0.0,0.0,0.0,0.0,0.0,0.0,0.0,0.0,0.0,0.0,0.0,0.0,0.0,0.0
MAL,A. Perez,F,2,0,1.5,0.0,0.0,0.5,0.0,0.0,0.0,0.5,0.0,0.0,0.0,0.5,0.5,0.5,0.0,0.0,0.0,0.0
DSC,M. Cuervo,PG,1,0,5.3,0.0,0.0,0.0,0.0,0.0,0.0,0.0,0.0,0.0,0.0,0.0,0.0,0.0,1.0,0.0,1.0,0.0
DSC,A. Aron,,1,0,2.3,0.0,0.0,1.0,0.0,0.0,0.0,1.0,0.0,0.0,0.0,1.0,1.0,0.0,0.0,0.0,0.0,0.0
BIG,J. Gonzalez,G,1,0,5.4,0.0,0.0,1.0,0.0,0.0,0.0,1.0,0.0,0.0,0.0,1.0,1.0,2.0,0.0,0.0,1.0,1.0
GOE,R. Robaina,F,1,0,1.4,0.0,0.0,0.0,0.0,0.0,0.0,0.0,0.0,0.0,0.0,0.0,0.0,0.0,0.0,0.0,0.0,1.0
GOE,M. Serventich,F,1,0,0.6,0.0,0.0,0.0,0.0,0.0,0.0,0.0,0.0,0.0,0.0,0.0,0.0,0.0,0.0,0.0,0.0,0.0
WEL,C. Platero,C,1,0,0.6,0.0,0.0,0.0,0.0,0.0,0.0,0.0,0.0,0.0,0.0,0.0,0.0,0.0,0.0,0.0,0.0,0.0
