personId,name,rank,match_personId,match_name,match_team,match_pos,dist
2577763,A. Gilder Jr.,1,2534718,J. Matos,BIG,PG,13.6
2577763,A. Gilder Jr.,2,811063,N. Pomoli,CAP,PG,14.9
2577763,A. Gilder Jr.,3,617418,S. Vescovi,CAP,PG,17.0
2577763,A. Gilder Jr.,4,1714808,B. Curadossi,UUN,PG,23.0
2577763,A. Gilder Jr.,5,1430994,J. Rodriguez,AGU,F,23.8
2577763,A. Gilder Jr.,6,2386709,C. Zinaich,CNF,F,24.0
2577763,A. Gilder Jr.,7,1987397,J. Josiah,GOE,PG,24.2
2577763,A. Gilder Jr.,8,191795,S. Ottonello,BIG,PF,24.4
2577763,A. Gilder Jr.,9,2534741,T. Prince,UAT,F,24.7
2577763,A. Gilder Jr.,10,191820,F. Terra,DSC,G,25.3
2577763,A. Gilder Jr.,11,1765563,A. Moller,UUN,F,27.2
2577763,A. Gilder Jr.,12,2096885,A. Peña,WEL,PF,27.9
2589974,E. Weaver,1,701864,D. Sims,AGU,PG,21.4
2589974,E. Weaver,2,2321121,J. Feldeine,CNF,G,23.6
2589974,E. Weaver,3,2534746,E. Demers,UUN,G,23.6
2589974,E. Weaver,4,1989296,T. Rodriguez,BIG,G,24.2
2589974,E. Weaver,5,1338848,M. Giano,UAT,PG,24.4
2589974,E. Weaver,6,1430994,J. Rodriguez,AGU,F,25.8
2589974,E. Weaver,7,2324181,D. Hicks,BIG,G,27.3
2589974,E. Weaver,8,617418,S. Vescovi,CAP,PG,27.4
2589974,E. Weaver,9,16511,S. Moglia,WEL,F,29.4
2589974,E. Weaver,10,2399946,J. Webster,MAL,PG,29.6
2589974,E. Weaver,11,1334179,F. Garcia,WEL,G,29.8
2589974,E. Weaver,12,14724,S. Vidal,AGU,G,30.7
2534746,E. Demers,1,2589974,E. Weaver,DSC,G,23.6
2534746,E. Demers,2,1338848,M. Giano,UAT,PG,24.0
2534746,E. Demers,3,2534734,J. Cruz,MAL,F,25.6
2534746,E. Demers,4,1989296,T. Rodriguez,BIG,G,27.1
2534746,E. Demers,5,16511,S. Moglia,WEL,F,28.6
2534746,E. Demers,6,62685,S. Massa,UUN,F,28.9
2534746,E. Demers,7,701864,D. Sims,AGU,PG,29.3
2534746,E. Demers,8,571401,X. Couste,GOE,F,29.4
2534746,E. Demers,9,2321121,J. Feldeine,CNF,G,29.6
2534746,E. Demers,10,16807,A. Lopez,UAT,SG,30.0
2534746,E. Demers,11,1430994,J. Rodriguez,AGU,F,30.3
2534746,E. Demers,12,1642412,S. Hogan,CAP,F,30.5
2534720,B. Beamer,1,1975797,A. Ibarguen,CAP,PF,15.9
2534720,B. Beamer,2,312957,R. Hassan,WEL,C,18.0
2534720,B. Beamer,3,725720,T. Metzger,DSC,PF,19.7
2534720,B. Beamer,4,15217,F. Haller,HYM,PF,19.9
2534720,B. Beamer,5,17554,A. Zuvich,AGU,C,22.8
2534720,B. Beamer,6,17628,E. Oglivie,CNF,C,23.1
2534720,B. Beamer,7,2096885,A. Peña,WEL,PF,23.5
2534720,B. Beamer,8,191795,S. Ottonello,BIG,PF,24.2
2534720,B. Beamer,9,1987397,J. Josiah,GOE,PG,24.2
2534720,B. Beamer,10,17691,E. Serres,CAP,F,24.3
2534720,B. Beamer,11,1709203,E. Holt,UUN,PF,24.7
2534720,B. Beamer,12,1645560,N. Martinez,MAL,PF,25.1
701864,D. Sims,1,2324181,D. Hicks,BIG,G,18.5
701864,D. Sims,2,2589974,E. Weaver,DSC,G,21.4
701864,D. Sims,3,2399946,J. Webster,MAL,PG,21.7
701864,D. Sims,4,2321121,J. Feldeine,CNF,G,22.0
701864,D. Sims,5,1334179,F. Garcia,WEL,G,23.5
701864,D. Sims,6,1338848,M. Giano,UAT,PG,24.2
701864,D. Sims,7,1989296,T. Rodriguez,BIG,G,26.2
701864,D. Sims,8,2534733,R. Abell,MAL,G,28.2
701864,D. Sims,9,2534746,E. Demers,UUN,G,29.3
701864,D. Sims,10,15257,F. Medina,COR,G,31.8
701864,D. Sims,11,2534738,I. Ross,UAT,G,31.8
701864,D. Sims,12,1894506,A. Mendez,CNF,G,32.9
2386709,C. Zinaich,1,2096885,A. Peña,WEL,PF,23.2
2386709,C. Zinaich,2,2577763,A. Gilder Jr.,COR,PG,24.0
2386709,C. Zinaich,3,191795,S. Ottonello,BIG,PF,24.4
2386709,C. Zinaich,4,1987397,J. Josiah,GOE,PG,25.7
2386709,C. Zinaich,5,17628,E. Oglivie,CNF,C,25.9
2386709,C. Zinaich,6,2620318,J. O'neal,COR,F,25.9
2386709,C. Zinaich,7,2486591,Q. Wilson,UAT,PF,26.1
2386709,C. Zinaich,8,2534741,T. Prince,UAT,F,26.6
2386709,C. Zinaich,9,43224,N. Colmenares,DSC,PF,26.7
2386709,C. Zinaich,10,425204,A. Louis,HYM,PF,27.8
2386709,C. Zinaich,11,15217,F. Haller,HYM,PF,28.3
2386709,C. Zinaich,12,1924909,F. Hassell,BIG,C,29.2
15217,F. Haller,1,312957,R. Hassan,WEL,C,12.8
15217,F. Haller,2,2486591,Q. Wilson,UAT,PF,13.3
15217,F. Haller,3,191795,S. Ottonello,BIG,PF,16.1
15217,F. Haller,4,2096885,A. Peña,WEL,PF,17.1
15217,F. Haller,5,2394559,D. Zekovic,MAL,C,17.4
15217,F. Haller,6,2534742,T. Daniels,UUN,C,19.0
15217,F. Haller,7,1924909,F. Hassell,BIG,C,19.5
15217,F. Haller,8,2534720,B. Beamer,COR,F,19.9
15217,F. Haller,9,17628,E. Oglivie,CNF,C,20.7
15217,F. Haller,10,17691,E. Serres,CAP,F,21.5
15217,F. Haller,11,2534717,E. Clark,AGU,PF,21.9
15217,F. Haller,12,1975797,A. Ibarguen,CAP,PF,22.3
2321121,J. Feldeine,1,2399946,J. Webster,MAL,PG,17.3
2321121,J. Feldeine,2,1334179,F. Garcia,WEL,G,21.3
2321121,J. Feldeine,3,701864,D. Sims,AGU,PG,22.0
2321121,J. Feldeine,4,2324181,D. Hicks,BIG,G,22.4
2321121,J. Feldeine,5,2619167,T. Cracknell,GOE,PG,22.7
2321121,J. Feldeine,6,2589974,E. Weaver,DSC,G,23.6
2321121,J. Feldeine,7,1338848,M. Giano,UAT,PG,24.5
2321121,J. Feldeine,8,1722930,P. Prieto,CNF,G,24.9
2321121,J. Feldeine,9,1989296,T. Rodriguez,BIG,G,24.9
2321121,J. Feldeine,10,2534733,R. Abell,MAL,G,25.0
2321121,J. Feldeine,11,2534738,I. Ross,UAT,G,25.7
2321121,J. Feldeine,12,15251,L. Parodi,CNF,G,25.9
312957,R. Hassan,1,15217,F. Haller,HYM,PF,12.8
312957,R. Hassan,2,2534717,E. Clark,AGU,PF,17.7
312957,R. Hassan,3,2534720,B. Beamer,COR,F,18.0
312957,R. Hassan,4,725720,T. Metzger,DSC,PF,20.8
312957,R. Hassan,5,1709203,E. Holt,UUN,PF,21.7
312957,R. Hassan,6,2394559,D. Zekovic,MAL,C,22.8
312957,R. Hassan,7,17691,E. Serres,CAP,F,23.4
312957,R. Hassan,8,2486591,Q. Wilson,UAT,PF,23.5
312957,R. Hassan,9,1975797,A. Ibarguen,CAP,PF,24.5
312957,R. Hassan,10,191795,S. Ottonello,BIG,PF,25.1
312957,R. Hassan,11,2096885,A. Peña,WEL,PF,25.9
312957,R. Hassan,12,2534742,T. Daniels,UUN,C,26.0
2534717,E. Clark,1,312957,R. Hassan,WEL,C,17.7
2534717,E. Clark,2,1709203,E. Holt,UUN,PF,18.8
2534717,E. Clark,3,1645560,N. Martinez,MAL,PF,21.5
2534717,E. Clark,4,15217,F. Haller,HYM,PF,21.9
2534717,E. Clark,5,17691,E. Serres,CAP,F,25.5
2534717,E. Clark,6,2534720,B. Beamer,COR,F,25.8
2534717,E. Clark,7,2394559,D. Zekovic,MAL,C,26.2
2534717,E. Clark,8,2486591,Q. Wilson,UAT,PF,26.8
2534717,E. Clark,9,2096885,A. Peña,WEL,PF,27.0
2534717,E. Clark,10,17677,B. Barrera,CNF,F,27.1
2534717,E. Clark,11,191795,S. Ottonello,BIG,PF,27.5
2534717,E. Clark,12,2178363,E. Romero,CAP,C,27.6
2534718,J. Matos,1,811063,N. Pomoli,CAP,PG,13.1
2534718,J. Matos,2,2577763,A. Gilder Jr.,COR,PG,13.6
2534718,J. Matos,3,191820,F. Terra,DSC,G,18.4
2534718,J. Matos,4,1714808,B. Curadossi,UUN,PG,20.0
2534718,J. Matos,5,2603089,C. Alaekwe,UAT,PG,21.3
2534718,J. Matos,6,1765563,A. Moller,UUN,F,23.5
2534718,J. Matos,7,617418,S. Vescovi,CAP,PG,24.4
2534718,J. Matos,8,1987397,J. Josiah,GOE,PG,24.5
2534718,J. Matos,9,191795,S. Ottonello,BIG,PF,25.2
2534718,J. Matos,10,425204,A. Louis,HYM,PF,26.0
2534718,J. Matos,11,1430994,J. Rodriguez,AGU,F,26.9
2534718,J. Matos,12,2620614,A. Spruill,COR,G,27.5
811063,N. Pomoli,1,2534718,J. Matos,BIG,PG,13.1
811063,N. Pomoli,2,2577763,A. Gilder Jr.,COR,PG,14.9
811063,N. Pomoli,3,191820,F. Terra,DSC,G,18.0
811063,N. Pomoli,4,617418,S. Vescovi,CAP,PG,21.7
811063,N. Pomoli,5,1714808,B. Curadossi,UUN,PG,24.2
811063,N. Pomoli,6,2603089,C. Alaekwe,UAT,PG,25.6
811063,N. Pomoli,7,1765563,A. Moller,UUN,F,26.6
811063,N. Pomoli,8,191795,S. Ottonello,BIG,PF,27.8
811063,N. Pomoli,9,2534741,T. Prince,UAT,F,29.2
811063,N. Pomoli,10,43252,M. Sarni,UUN,G,29.8
811063,N. Pomoli,11,1987397,J. Josiah,GOE,PG,30.2
811063,N. Pomoli,12,727814,I. Xavier,HYM,F,30.9
617418,S. Vescovi,1,2577763,A. Gilder Jr.,COR,PG,17.0
617418,S. Vescovi,2,811063,N. Pomoli,CAP,PG,21.7
617418,S. Vescovi,3,2534718,J. Matos,BIG,PG,24.4
617418,S. Vescovi,4,2534741,T. Prince,UAT,F,25.6
617418,S. Vescovi,5,1430994,J. Rodriguez,AGU,F,26.8
617418,S. Vescovi,6,191820,F. Terra,DSC,G,27.0
617418,S. Vescovi,7,2589974,E. Weaver,DSC,G,27.4
617418,S. Vescovi,8,14724,S. Vidal,AGU,G,27.7
617418,S. Vescovi,9,2386709,C. Zinaich,CNF,F,29.9
617418,S. Vescovi,10,1714808,B. Curadossi,UUN,PG,30.3
617418,S. Vescovi,11,1987397,J. Josiah,GOE,PG,30.3
617418,S. Vescovi,12,2321121,J. Feldeine,CNF,G,30.5
1314626,L. Santos,1,2413907,E. Bell,CNF,PF,15.7
1314626,L. Santos,2,1924909,F. Hassell,BIG,C,16.9
1314626,L. Santos,3,2178363,E. Romero,CAP,C,18.3
1314626,L. Santos,4,2486591,Q. Wilson,UAT,PF,20.9
1314626,L. Santos,5,1975797,A. Ibarguen,CAP,PF,21.5
1314626,L. Santos,6,2620318,J. O'neal,COR,F,22.4
1314626,L. Santos,7,2096885,A. Peña,WEL,PF,22.9
1314626,L. Santos,8,17554,A. Zuvich,AGU,C,23.5
1314626,L. Santos,9,15217,F. Haller,HYM,PF,23.7
1314626,L. Santos,10,2534742,T. Daniels,UUN,C,24.6
1314626,L. Santos,11,1645560,N. Martinez,MAL,PF,25.2
1314626,L. Santos,12,2486580,J. Canty,HYM,C,25.2
2096885,A. Peña,1,2486591,Q. Wilson,UAT,PF,13.3
2096885,A. Peña,2,191795,S. Ottonello,BIG,PF,13.9
2096885,A. Peña,3,2620318,J. O'neal,COR,F,14.9
2096885,A. Peña,4,17554,A. Zuvich,AGU,C,16.5
2096885,A. Peña,5,15217,F. Haller,HYM,PF,17.1
2096885,A. Peña,6,2534741,T. Prince,UAT,F,19.1
2096885,A. Peña,7,17628,E. Oglivie,CNF,C,19.8
2096885,A. Peña,8,2394559,D. Zekovic,MAL,C,20.8
2096885,A. Peña,9,1987397,J. Josiah,GOE,PG,20.9
2096885,A. Peña,10,1924909,F. Hassell,BIG,C,21.2
2096885,A. Peña,11,2486580,J. Canty,HYM,C,21.4
2096885,A. Peña,12,2413907,E. Bell,CNF,PF,21.8
17628,E. Oglivie,1,17554,A. Zuvich,AGU,C,19.2
17628,E. Oglivie,2,1765563,A. Moller,UUN,F,19.7
17628,E. Oglivie,3,2096885,A. Peña,WEL,PF,19.8
17628,E. Oglivie,4,1987397,J. Josiah,GOE,PG,20.2
17628,E. Oglivie,5,1975797,A. Ibarguen,CAP,PF,20.5
17628,E. Oglivie,6,15217,F. Haller,HYM,PF,20.7
17628,E. Oglivie,7,191795,S. Ottonello,BIG,PF,21.5
17628,E. Oglivie,8,2534742,T. Daniels,UUN,C,22.4
17628,E. Oglivie,9,2534720,B. Beamer,COR,F,23.1
17628,E. Oglivie,10,43224,N. Colmenares,DSC,PF,23.3
17628,E. Oglivie,11,2486591,Q. Wilson,UAT,PF,24.5
17628,E. Oglivie,12,2413907,E. Bell,CNF,PF,24.9
2534733,R. Abell,1,2619167,T. Cracknell,GOE,PG,15.2
2534733,R. Abell,2,2534738,I. Ross,UAT,G,19.0
2534733,R. Abell,3,2399946,J. Webster,MAL,PG,23.4
2534733,R. Abell,4,2321121,J. Feldeine,CNF,G,25.0
2534733,R. Abell,5,15257,F. Medina,COR,G,25.2
2534733,R. Abell,6,1989296,T. Rodriguez,BIG,G,25.6
2534733,R. Abell,7,16717,G. Semiglia,HYM,F,26.7
2534733,R. Abell,8,961332,E. Bonet,GOE,PG,27.1
2534733,R. Abell,9,16857,G. Iglesias,BIG,PF,27.8
2534733,R. Abell,10,571401,X. Couste,GOE,F,28.1
2534733,R. Abell,11,17101,J. Santiso,AGU,G,28.2
2534733,R. Abell,12,701864,D. Sims,AGU,PG,28.2
2534734,J. Cruz,1,2534738,I. Ross,UAT,G,19.2
2534734,J. Cruz,2,1989296,T. Rodriguez,BIG,G,21.7
2534734,J. Cruz,3,17677,B. Barrera,CNF,F,23.2
2534734,J. Cruz,4,2486578,A. Nation,HYM,G,23.4
2534734,J. Cruz,5,16717,G. Semiglia,HYM,F,24.6
2534734,J. Cruz,6,16807,A. Lopez,UAT,SG,24.6
2534734,J. Cruz,7,2534746,E. Demers,UUN,G,25.6
2534734,J. Cruz,8,1430994,J. Rodriguez,AGU,F,25.9
2534734,J. Cruz,9,62685,S. Massa,UUN,F,26.0
2534734,J. Cruz,10,1714808,B. Curadossi,UUN,PG,26.2
2534734,J. Cruz,11,2620614,A. Spruill,COR,G,26.6
2534734,J. Cruz,12,1334179,F. Garcia,WEL,G,28.2
425204,A. Louis,1,1987397,J. Josiah,GOE,PG,18.0
425204,A. Louis,2,1765563,A. Moller,UUN,F,23.4
425204,A. Louis,3,2074488,M. Benitez,UUN,PF,23.7
425204,A. Louis,4,191795,S. Ottonello,BIG,PF,24.7
425204,A. Louis,5,2534718,J. Matos,BIG,PG,26.0
425204,A. Louis,6,1714808,B. Curadossi,UUN,PG,26.1
425204,A. Louis,7,1924909,F. Hassell,BIG,C,27.7
425204,A. Louis,8,2386709,C. Zinaich,CNF,F,27.8
425204,A. Louis,9,17628,E. Oglivie,CNF,C,28.3
425204,A. Louis,10,2577763,A. Gilder Jr.,COR,PG,28.3
425204,A. Louis,11,2096885,A. Peña,WEL,PF,28.6
425204,A. Louis,12,1871466,A. Pruitt,GOE,PF,28.7
1987397,J. Josiah,1,1765563,A. Moller,UUN,F,17.8
1987397,J. Josiah,2,425204,A. Louis,HYM,PF,18.0
1987397,J. Josiah,3,17628,E. Oglivie,CNF,C,20.2
1987397,J. Josiah,4,191795,S. Ottonello,BIG,PF,20.5
1987397,J. Josiah,5,2096885,A. Peña,WEL,PF,20.9
1987397,J. Josiah,6,1430994,J. Rodriguez,AGU,F,21.0
1987397,J. Josiah,7,17554,A. Zuvich,AGU,C,23.7
1987397,J. Josiah,8,2074488,M. Benitez,UUN,PF,24.1
1987397,J. Josiah,9,2534720,B. Beamer,COR,F,24.2
1987397,J. Josiah,10,2577763,A. Gilder Jr.,COR,PG,24.2
1987397,J. Josiah,11,2534718,J. Matos,BIG,PG,24.5
1987397,J. Josiah,12,1714808,B. Curadossi,UUN,PG,24.6
2486591,Q. Wilson,1,191795,S. Ottonello,BIG,PF,11.9
2486591,Q. Wilson,2,15217,F. Haller,HYM,PF,13.3
2486591,Q. Wilson,3,2096885,A. Peña,WEL,PF,13.3
2486591,Q. Wilson,4,1924909,F. Hassell,BIG,C,15.6
2486591,Q. Wilson,5,2617486,W. Reed,BIG,C,16.8
2486591,Q. Wilson,6,2534742,T. Daniels,UUN,C,17.5
2486591,Q. Wilson,7,2413907,E. Bell,CNF,PF,17.9
2486591,Q. Wilson,8,2620318,J. O'neal,COR,F,18.1
2486591,Q. Wilson,9,2394559,D. Zekovic,MAL,C,18.4
2486591,Q. Wilson,10,17554,A. Zuvich,AGU,C,19.6
2486591,Q. Wilson,11,2486580,J. Canty,HYM,C,19.9
2486591,Q. Wilson,12,17691,E. Serres,CAP,F,20.6
1975797,A. Ibarguen,1,17554,A. Zuvich,AGU,C,13.9
1975797,A. Ibarguen,2,2534720,B. Beamer,COR,F,15.9
1975797,A. Ibarguen,3,2413907,E. Bell,CNF,PF,17.7
1975797,A. Ibarguen,4,2178363,E. Romero,CAP,C,20.3
1975797,A. Ibarguen,5,17628,E. Oglivie,CNF,C,20.5
1975797,A. Ibarguen,6,1314626,L. Santos,AGU,C,21.5
1975797,A. Ibarguen,7,2534742,T. Daniels,UUN,C,21.6
1975797,A. Ibarguen,8,1924909,F. Hassell,BIG,C,22.2
1975797,A. Ibarguen,9,15217,F. Haller,HYM,PF,22.3
1975797,A. Ibarguen,10,2096885,A. Peña,WEL,PF,22.5
1975797,A. Ibarguen,11,725720,T. Metzger,DSC,PF,22.6
1975797,A. Ibarguen,12,2486591,Q. Wilson,UAT,PF,23.5
2324181,D. Hicks,1,701864,D. Sims,AGU,PG,18.5
2324181,D. Hicks,2,1334179,F. Garcia,WEL,G,19.3
2324181,D. Hicks,3,1642412,S. Hogan,CAP,F,21.2
2324181,D. Hicks,4,2399946,J. Webster,MAL,PG,21.8
2324181,D. Hicks,5,2321121,J. Feldeine,CNF,G,22.4
2324181,D. Hicks,6,1894506,A. Mendez,CNF,G,23.8
2324181,D. Hicks,7,1722930,P. Prieto,CNF,G,24.8
2324181,D. Hicks,8,1989296,T. Rodriguez,BIG,G,26.1
2324181,D. Hicks,9,1338848,M. Giano,UAT,PG,26.5
2324181,D. Hicks,10,16511,S. Moglia,WEL,F,26.5
2324181,D. Hicks,11,14724,S. Vidal,AGU,G,27.1
2324181,D. Hicks,12,2589974,E. Weaver,DSC,G,27.3
2534738,I. Ross,1,1989296,T. Rodriguez,BIG,G,17.4
2534738,I. Ross,2,2534733,R. Abell,MAL,G,19.0
2534738,I. Ross,3,2534734,J. Cruz,MAL,F,19.2
2534738,I. Ross,4,2399946,J. Webster,MAL,PG,21.1
2534738,I. Ross,5,961332,E. Bonet,GOE,PG,21.8
2534738,I. Ross,6,16717,G. Semiglia,HYM,F,22.0
2534738,I. Ross,7,2619167,T. Cracknell,GOE,PG,23.0
2534738,I. Ross,8,15257,F. Medina,COR,G,23.1
2534738,I. Ross,9,16177,M. Romero,MAL,G,23.4
2534738,I. Ross,10,1346396,S. Fernandez,MAL,G,23.6
2534738,I. Ross,11,15251,L. Parodi,CNF,G,24.1
2534738,I. Ross,12,191820,F. Terra,DSC,G,24.4
1924909,F. Hassell,1,2413907,E. Bell,CNF,PF,14.2
1924909,F. Hassell,2,2486591,Q. Wilson,UAT,PF,15.6
1924909,F. Hassell,3,1314626,L. Santos,AGU,C,16.9
1924909,F. Hassell,4,2486580,J. Canty,HYM,C,16.9
1924909,F. Hassell,5,2620318,J. O'neal,COR,F,17.4
1924909,F. Hassell,6,2178363,E. Romero,CAP,C,18.8
1924909,F. Hassell,7,15217,F. Haller,HYM,PF,19.5
1924909,F. Hassell,8,191795,S. Ottonello,BIG,PF,20.7
1924909,F. Hassell,9,2074488,M. Benitez,UUN,PF,21.2
1924909,F. Hassell,10,2096885,A. Peña,WEL,PF,21.2
1924909,F. Hassell,11,1975797,A. Ibarguen,CAP,PF,22.2
1924909,F. Hassell,12,2394559,D. Zekovic,MAL,C,22.2
1642412,S. Hogan,1,1722930,P. Prieto,CNF,G,16.5
1642412,S. Hogan,2,1894506,A. Mendez,CNF,G,18.4
1642412,S. Hogan,3,2324181,D. Hicks,BIG,G,21.2
1642412,S. Hogan,4,16511,S. Moglia,WEL,F,21.5
1642412,S. Hogan,5,16807,A. Lopez,UAT,SG,23.4
1642412,S. Hogan,6,62685,S. Massa,UUN,F,24.8
1642412,S. Hogan,7,1942261,M. Espinosa,BIG,G,25.0
1642412,S. Hogan,8,17571,F. Pereiras,AGU,PG,26.0
1642412,S. Hogan,9,1676246,N. Lema,CAP,PG,26.8
1642412,S. Hogan,10,1567203,M. Oyenard,GOE,PG,27.2
1642412,S. Hogan,11,1723827,M. Mac Mullen,DSC,PG,27.3
1642412,S. Hogan,12,1714808,B. Curadossi,UUN,PG,27.8
2620318,J. O'neal,1,2486580,J. Canty,HYM,C,11.1
2620318,J. O'neal,2,2096885,A. Peña,WEL,PF,14.9
2620318,J. O'neal,3,2074488,M. Benitez,UUN,PF,17.1
2620318,J. O'neal,4,1924909,F. Hassell,BIG,C,17.4
2620318,J. O'neal,5,2413907,E. Bell,CNF,PF,18.1
2620318,J. O'neal,6,2486591,Q. Wilson,UAT,PF,18.1
2620318,J. O'neal,7,17554,A. Zuvich,AGU,C,18.7
2620318,J. O'neal,8,191795,S. Ottonello,BIG,PF,19.4
2620318,J. O'neal,9,2178363,E. Romero,CAP,C,19.9
2620318,J. O'neal,10,2534741,T. Prince,UAT,F,20.8
2620318,J. O'neal,11,43224,N. Colmenares,DSC,PF,21.3
2620318,J. O'neal,12,1314626,L. Santos,AGU,C,22.4
191795,S. Ottonello,1,2486591,Q. Wilson,UAT,PF,11.9
191795,S. Ottonello,2,2096885,A. Peña,WEL,PF,13.9
191795,S. Ottonello,3,15217,F. Haller,HYM,PF,16.1
191795,S. Ottonello,4,17691,E. Serres,CAP,F,16.7
191795,S. Ottonello,5,2394559,D. Zekovic,MAL,C,17.6
191795,S. Ottonello,6,2534741,T. Prince,UAT,F,18.4
191795,S. Ottonello,7,1567203,M. Oyenard,GOE,PG,18.7
191795,S. Ottonello,8,2074488,M. Benitez,UUN,PF,19.0
191795,S. Ottonello,9,2620318,J. O'neal,COR,F,19.4
191795,S. Ottonello,10,17554,A. Zuvich,AGU,C,19.7
191795,S. Ottonello,11,1987397,J. Josiah,GOE,PG,20.5
191795,S. Ottonello,12,1924909,F. Hassell,BIG,C,20.7
2534742,T. Daniels,1,17554,A. Zuvich,AGU,C,17.5
2534742,T. Daniels,2,2486591,Q. Wilson,UAT,PF,17.5
2534742,T. Daniels,3,2413907,E. Bell,CNF,PF,17.6
2534742,T. Daniels,4,15217,F. Haller,HYM,PF,19.0
2534742,T. Daniels,5,1975797,A. Ibarguen,CAP,PF,21.6
2534742,T. Daniels,6,191795,S. Ottonello,BIG,PF,21.8
2534742,T. Daniels,7,17691,E. Serres,CAP,F,22.3
2534742,T. Daniels,8,17628,E. Oglivie,CNF,C,22.4
2534742,T. Daniels,9,43224,N. Colmenares,DSC,PF,22.7
2534742,T. Daniels,10,2096885,A. Peña,WEL,PF,22.9
2534742,T. Daniels,11,258681,M. Rojas,CAP,PF,23.1
2534742,T. Daniels,12,1314626,L. Santos,AGU,C,24.6
1765563,A. Moller,1,1987397,J. Josiah,GOE,PG,17.8
1765563,A. Moller,2,17628,E. Oglivie,CNF,C,19.7
1765563,A. Moller,3,425204,A. Louis,HYM,PF,23.4
1765563,A. Moller,4,2534718,J. Matos,BIG,PG,23.5
1765563,A. Moller,5,191795,S. Ottonello,BIG,PF,23.8
1765563,A. Moller,6,17669,G. Espindola,CNF,F,24.1
1765563,A. Moller,7,2074488,M. Benitez,UUN,PF,25.2
1765563,A. Moller,8,2096885,A. Peña,WEL,PF,25.4
1765563,A. Moller,9,811063,N. Pomoli,CAP,PG,26.6
1765563,A. Moller,10,1714808,B. Curadossi,UUN,PG,26.7
1765563,A. Moller,11,727814,I. Xavier,HYM,F,27.0
1765563,A. Moller,12,2577763,A. Gilder Jr.,COR,PG,27.2
725720,T. Metzger,1,2534720,B. Beamer,COR,F,19.7
725720,T. Metzger,2,2394559,D. Zekovic,MAL,C,20.6
725720,T. Metzger,3,312957,R. Hassan,WEL,C,20.8
725720,T. Metzger,4,1709203,E. Holt,UUN,PF,20.9
725720,T. Metzger,5,1975797,A. Ibarguen,CAP,PF,22.6
725720,T. Metzger,6,15217,F. Haller,HYM,PF,23.7
725720,T. Metzger,7,16807,A. Lopez,UAT,SG,25.1
725720,T. Metzger,8,17691,E. Serres,CAP,F,26.0
725720,T. Metzger,9,1314581,R. Previatti,WEL,PF,26.6
725720,T. Metzger,10,17677,B. Barrera,CNF,F,27.4
725720,T. Metzger,11,2288279,J. Strings,GOE,C,27.5
725720,T. Metzger,12,17554,A. Zuvich,AGU,C,27.9
2619167,T. Cracknell,1,2534733,R. Abell,MAL,G,15.2
2619167,T. Cracknell,2,2321121,J. Feldeine,CNF,G,22.7
2619167,T. Cracknell,3,2534738,I. Ross,UAT,G,23.0
2619167,T. Cracknell,4,961332,E. Bonet,GOE,PG,23.1
2619167,T. Cracknell,5,2620317,T. Ferguson,WEL,SG,23.6
2619167,T. Cracknell,6,2399946,J. Webster,MAL,PG,24.6
2619167,T. Cracknell,7,17101,J. Santiso,AGU,G,24.9
2619167,T. Cracknell,8,16177,M. Romero,MAL,G,26.6
2619167,T. Cracknell,9,1346396,S. Fernandez,MAL,G,26.8
2619167,T. Cracknell,10,191820,F. Terra,DSC,G,27.1
2619167,T. Cracknell,11,258698,M. Mayora,HYM,G,27.1
2619167,T. Cracknell,12,16717,G. Semiglia,HYM,F,27.3
1722930,P. Prieto,1,1642412,S. Hogan,CAP,F,16.5
1722930,P. Prieto,2,16511,S. Moglia,WEL,F,17.5
1722930,P. Prieto,3,62685,S. Massa,UUN,F,21.5
1722930,P. Prieto,4,1894506,A. Mendez,CNF,G,23.1
1722930,P. Prieto,5,1942261,M. Espinosa,BIG,G,23.4
1722930,P. Prieto,6,2324181,D. Hicks,BIG,G,24.8
1722930,P. Prieto,7,2321121,J. Feldeine,CNF,G,24.9
1722930,P. Prieto,8,1676246,N. Lema,CAP,PG,26.8
1722930,P. Prieto,9,1338848,M. Giano,UAT,PG,27.5
1722930,P. Prieto,10,1334179,F. Garcia,WEL,G,28.0
1722930,P. Prieto,11,17571,F. Pereiras,AGU,PG,28.1
1722930,P. Prieto,12,1723827,M. Mac Mullen,DSC,PG,28.3
2534741,T. Prince,1,1567203,M. Oyenard,GOE,PG,18.1
2534741,T. Prince,2,191795,S. Ottonello,BIG,PF,18.4
2534741,T. Prince,3,2096885,A. Peña,WEL,PF,19.1
2534741,T. Prince,4,2620318,J. O'neal,COR,F,20.8
2534741,T. Prince,5,17554,A. Zuvich,AGU,C,22.7
2534741,T. Prince,6,2486591,Q. Wilson,UAT,PF,22.8
2534741,T. Prince,7,17691,E. Serres,CAP,F,24.4
2534741,T. Prince,8,2486580,J. Canty,HYM,C,24.6
2534741,T. Prince,9,17044,F. Verrone,GOE,PF,24.7
2534741,T. Prince,10,2577763,A. Gilder Jr.,COR,PG,24.7
2534741,T. Prince,11,43224,N. Colmenares,DSC,PF,25.0
2534741,T. Prince,12,727814,I. Xavier,HYM,F,25.0
2399946,J. Webster,1,1334179,F. Garcia,WEL,G,13.1
2399946,J. Webster,2,2321121,J. Feldeine,CNF,G,17.3
2399946,J. Webster,3,1989296,T. Rodriguez,BIG,G,18.2
2399946,J. Webster,4,961332,E. Bonet,GOE,PG,19.1
2399946,J. Webster,5,2534738,I. Ross,UAT,G,21.1
2399946,J. Webster,6,701864,D. Sims,AGU,PG,21.7
2399946,J. Webster,7,2324181,D. Hicks,BIG,G,21.8
2399946,J. Webster,8,15251,L. Parodi,CNF,G,22.6
2399946,J. Webster,9,2534733,R. Abell,MAL,G,23.4
2399946,J. Webster,10,1338848,M. Giano,UAT,PG,23.8
2399946,J. Webster,11,16717,G. Semiglia,HYM,F,23.8
2399946,J. Webster,12,2619167,T. Cracknell,GOE,PG,24.6
1709203,E. Holt,1,2534717,E. Clark,AGU,PF,18.8
1709203,E. Holt,2,17677,B. Barrera,CNF,F,19.7
1709203,E. Holt,3,2394559,D. Zekovic,MAL,C,19.8
1709203,E. Holt,4,17691,E. Serres,CAP,F,20.2
1709203,E. Holt,5,1645560,N. Martinez,MAL,PF,20.7
1709203,E. Holt,6,725720,T. Metzger,DSC,PF,20.9
1709203,E. Holt,7,2288279,J. Strings,GOE,C,21.4
1709203,E. Holt,8,312957,R. Hassan,WEL,C,21.7
1709203,E. Holt,9,2620614,A. Spruill,COR,G,22.0
1709203,E. Holt,10,16857,G. Iglesias,BIG,PF,23.7
1709203,E. Holt,11,15217,F. Haller,HYM,PF,23.8
1709203,E. Holt,12,1314581,R. Previatti,WEL,PF,24.0
2620614,A. Spruill,1,17677,B. Barrera,CNF,F,14.6
2620614,A. Spruill,2,2486578,A. Nation,HYM,G,20.1
2620614,A. Spruill,3,1709203,E. Holt,UUN,PF,22.0
2620614,A. Spruill,4,17691,E. Serres,CAP,F,24.4
2620614,A. Spruill,5,15216,E. Gonzalez,COR,F,24.8
2620614,A. Spruill,6,16857,G. Iglesias,BIG,PF,25.7
2620614,A. Spruill,7,16717,G. Semiglia,HYM,F,26.4
2620614,A. Spruill,8,2534734,J. Cruz,MAL,F,26.6
2620614,A. Spruill,9,191795,S. Ottonello,BIG,PF,27.2
2620614,A. Spruill,10,727814,I. Xavier,HYM,F,27.3
2620614,A. Spruill,11,2255313,V. Andrade,COR,C,27.5
2620614,A. Spruill,12,2534718,J. Matos,BIG,PG,27.5
1430994,J. Rodriguez,1,2486578,A. Nation,HYM,G,19.1
1430994,J. Rodriguez,2,1987397,J. Josiah,GOE,PG,21.0
1430994,J. Rodriguez,3,2577763,A. Gilder Jr.,COR,PG,23.8
1430994,J. Rodriguez,4,17044,F. Verrone,GOE,PF,23.9
1430994,J. Rodriguez,5,1714808,B. Curadossi,UUN,PG,24.7
1430994,J. Rodriguez,6,62685,S. Massa,UUN,F,24.8
1430994,J. Rodriguez,7,2589974,E. Weaver,DSC,G,25.8
1430994,J. Rodriguez,8,2534734,J. Cruz,MAL,F,25.9
1430994,J. Rodriguez,9,2534741,T. Prince,UAT,F,26.1
1430994,J. Rodriguez,10,617418,S. Vescovi,CAP,PG,26.8
1430994,J. Rodriguez,11,2534718,J. Matos,BIG,PG,26.9
1430994,J. Rodriguez,12,16511,S. Moglia,WEL,F,27.0
1645560,N. Martinez,1,2178363,E. Romero,CAP,C,17.2
1645560,N. Martinez,2,1709203,E. Holt,UUN,PF,20.7
1645560,N. Martinez,3,2261706,S. Conceicao,GOE,C,20.7
1645560,N. Martinez,4,1314581,R. Previatti,WEL,PF,21.3
1645560,N. Martinez,5,2534717,E. Clark,AGU,PF,21.5
1645560,N. Martinez,6,2074488,M. Benitez,UUN,PF,21.6
1645560,N. Martinez,7,999249,M. Bianchi,DSC,PF,22.6
1645560,N. Martinez,8,2096885,A. Peña,WEL,PF,22.7
1645560,N. Martinez,9,17554,A. Zuvich,AGU,C,23.0
1645560,N. Martinez,10,2620318,J. O'neal,COR,F,23.1
1645560,N. Martinez,11,17691,E. Serres,CAP,F,24.0
1645560,N. Martinez,12,2413907,E. Bell,CNF,PF,24.5
17554,A. Zuvich,1,1975797,A. Ibarguen,CAP,PF,13.9
17554,A. Zuvich,2,2413907,E. Bell,CNF,PF,15.9
17554,A. Zuvich,3,2096885,A. Peña,WEL,PF,16.5
17554,A. Zuvich,4,2534742,T. Daniels,UUN,C,17.5
17554,A. Zuvich,5,2178363,E. Romero,CAP,C,18.3
17554,A. Zuvich,6,1314581,R. Previatti,WEL,PF,18.4
17554,A. Zuvich,7,2620318,J. O'neal,COR,F,18.7
17554,A. Zuvich,8,999249,M. Bianchi,DSC,PF,18.7
17554,A. Zuvich,9,17628,E. Oglivie,CNF,C,19.2
17554,A. Zuvich,10,2486591,Q. Wilson,UAT,PF,19.6
17554,A. Zuvich,11,191795,S. Ottonello,BIG,PF,19.7
17554,A. Zuvich,12,17691,E. Serres,CAP,F,20.9
2394559,D. Zekovic,1,15217,F. Haller,HYM,PF,17.4
2394559,D. Zekovic,2,191795,S. Ottonello,BIG,PF,17.6
2394559,D. Zekovic,3,2486591,Q. Wilson,UAT,PF,18.4
2394559,D. Zekovic,4,1709203,E. Holt,UUN,PF,19.8
2394559,D. Zekovic,5,725720,T. Metzger,DSC,PF,20.6
2394559,D. Zekovic,6,2096885,A. Peña,WEL,PF,20.8
2394559,D. Zekovic,7,2486580,J. Canty,HYM,C,20.9
2394559,D. Zekovic,8,1567203,M. Oyenard,GOE,PG,21.1
2394559,D. Zekovic,9,17691,E. Serres,CAP,F,21.4
2394559,D. Zekovic,10,2288279,J. Strings,GOE,C,21.8
2394559,D. Zekovic,11,1924909,F. Hassell,BIG,C,22.2
2394559,D. Zekovic,12,312957,R. Hassan,WEL,C,22.8
2288279,J. Strings,1,208488,J. Ducasse,UAT,F,21.1
2288279,J. Strings,2,1709203,E. Holt,UUN,PF,21.4
2288279,J. Strings,3,2394559,D. Zekovic,MAL,C,21.8
2288279,J. Strings,4,1924909,F. Hassell,BIG,C,24.8
2288279,J. Strings,5,2486580,J. Canty,HYM,C,26.0
2288279,J. Strings,6,2074488,M. Benitez,UUN,PF,26.4
2288279,J. Strings,7,1871466,A. Pruitt,GOE,PF,26.9
2288279,J. Strings,8,725720,T. Metzger,DSC,PF,27.5
2288279,J. Strings,9,16616,N. Catala,BIG,F,27.7
2288279,J. Strings,10,2486591,Q. Wilson,UAT,PF,28.8
2288279,J. Strings,11,2255313,V. Andrade,COR,C,29.1
2288279,J. Strings,12,191795,S. Ottonello,BIG,PF,29.5
62685,S. Massa,1,1981004,D. Wright,DSC,PF,17.5
62685,S. Massa,2,2620317,T. Ferguson,WEL,SG,19.6
62685,S. Massa,3,1722930,P. Prieto,CNF,G,21.5
62685,S. Massa,4,16807,A. Lopez,UAT,SG,23.9
62685,S. Massa,5,16511,S. Moglia,WEL,F,24.5
62685,S. Massa,6,1430994,J. Rodriguez,AGU,F,24.8
62685,S. Massa,7,1642412,S. Hogan,CAP,F,24.8
62685,S. Massa,8,16857,G. Iglesias,BIG,PF,25.7
62685,S. Massa,9,539387,F. Soto,DSC,F,25.7
62685,S. Massa,10,2534734,J. Cruz,MAL,F,26.0
62685,S. Massa,11,2486578,A. Nation,HYM,G,26.7
62685,S. Massa,12,16717,G. Semiglia,HYM,F,27.4
191820,F. Terra,1,811063,N. Pomoli,CAP,PG,18.0
191820,F. Terra,2,2534718,J. Matos,BIG,PG,18.4
191820,F. Terra,3,2603089,C. Alaekwe,UAT,PG,20.0
191820,F. Terra,4,17101,J. Santiso,AGU,G,21.5
191820,F. Terra,5,15251,L. Parodi,CNF,G,23.7
191820,F. Terra,6,2534738,I. Ross,UAT,G,24.4
191820,F. Terra,7,2577763,A. Gilder Jr.,COR,PG,25.3
191820,F. Terra,8,43252,M. Sarni,UUN,G,26.0
191820,F. Terra,9,1346396,S. Fernandez,MAL,G,26.1
191820,F. Terra,10,2321121,J. Feldeine,CNF,G,26.6
191820,F. Terra,11,1645559,J. Stoll,WEL,G,27.0
191820,F. Terra,12,617418,S. Vescovi,CAP,PG,27.0
17691,E. Serres,1,191795,S. Ottonello,BIG,PF,16.7
17691,E. Serres,2,1567203,M. Oyenard,GOE,PG,17.5
17691,E. Serres,3,1314581,R. Previatti,WEL,PF,19.7
17691,E. Serres,4,2486578,A. Nation,HYM,G,19.8
17691,E. Serres,5,1709203,E. Holt,UUN,PF,20.2
17691,E. Serres,6,2486591,Q. Wilson,UAT,PF,20.6
17691,E. Serres,7,17046,M. Zubiaurre,DSC,G,20.7
17691,E. Serres,8,17554,A. Zuvich,AGU,C,20.9
17691,E. Serres,9,17677,B. Barrera,CNF,F,21.1
17691,E. Serres,10,2394559,D. Zekovic,MAL,C,21.4
17691,E. Serres,11,15217,F. Haller,HYM,PF,21.5
17691,E. Serres,12,2534742,T. Daniels,UUN,C,22.3
2486580,J. Canty,1,2620318,J. O'neal,COR,F,11.1
2486580,J. Canty,2,1924909,F. Hassell,BIG,C,16.9
2486580,J. Canty,3,2413907,E. Bell,CNF,PF,18.7
2486580,J. Canty,4,2074488,M. Benitez,UUN,PF,19.0
2486580,J. Canty,5,43224,N. Colmenares,DSC,PF,19.1
2486580,J. Canty,6,2486591,Q. Wilson,UAT,PF,19.9
2486580,J. Canty,7,1871466,A. Pruitt,GOE,PF,20.6
2486580,J. Canty,8,2617486,W. Reed,BIG,C,20.7
2486580,J. Canty,9,2394559,D. Zekovic,MAL,C,20.9
2486580,J. Canty,10,2096885,A. Peña,WEL,PF,21.4
2486580,J. Canty,11,191795,S. Ottonello,BIG,PF,22.3
2486580,J. Canty,12,17554,A. Zuvich,AGU,C,23.6
2617486,W. Reed,1,2486591,Q. Wilson,UAT,PF,16.8
2617486,W. Reed,2,2486580,J. Canty,HYM,C,20.7
2617486,W. Reed,3,2096885,A. Peña,WEL,PF,22.1
2617486,W. Reed,4,2620318,J. O'neal,COR,F,22.5
2617486,W. Reed,5,1924909,F. Hassell,BIG,C,24.2
2617486,W. Reed,6,2413907,E. Bell,CNF,PF,24.5
2617486,W. Reed,7,191795,S. Ottonello,BIG,PF,25.1
2617486,W. Reed,8,2534742,T. Daniels,UUN,C,25.3
2617486,W. Reed,9,2394559,D. Zekovic,MAL,C,25.5
2617486,W. Reed,10,1314626,L. Santos,AGU,C,25.8
2617486,W. Reed,11,15217,F. Haller,HYM,PF,26.6
2617486,W. Reed,12,17554,A. Zuvich,AGU,C,26.6
2486578,A. Nation,1,1430994,J. Rodriguez,AGU,F,19.1
2486578,A. Nation,2,17677,B. Barrera,CNF,F,19.6
2486578,A. Nation,3,17691,E. Serres,CAP,F,19.8
2486578,A. Nation,4,2620614,A. Spruill,COR,G,20.1
2486578,A. Nation,5,1567203,M. Oyenard,GOE,PG,21.3
2486578,A. Nation,6,16717,G. Semiglia,HYM,F,22.2
2486578,A. Nation,7,2534734,J. Cruz,MAL,F,23.4
2486578,A. Nation,8,1714808,B. Curadossi,UUN,PG,23.5
2486578,A. Nation,9,16857,G. Iglesias,BIG,PF,23.6
2486578,A. Nation,10,727814,I. Xavier,HYM,F,24.1
2486578,A. Nation,11,17046,M. Zubiaurre,DSC,G,24.2
2486578,A. Nation,12,191795,S. Ottonello,BIG,PF,25.0
1894506,A. Mendez,1,1642412,S. Hogan,CAP,F,18.4
1894506,A. Mendez,2,14724,S. Vidal,AGU,G,19.7
1894506,A. Mendez,3,1942261,M. Espinosa,BIG,G,20.6
1894506,A. Mendez,4,16511,S. Moglia,WEL,F,21.0
1894506,A. Mendez,5,1722930,P. Prieto,CNF,G,23.1
1894506,A. Mendez,6,2324181,D. Hicks,BIG,G,23.8
1894506,A. Mendez,7,16177,M. Romero,MAL,G,25.7
1894506,A. Mendez,8,17571,F. Pereiras,AGU,PG,25.8
1894506,A. Mendez,9,1676246,N. Lema,CAP,PG,26.7
1894506,A. Mendez,10,1346396,S. Fernandez,MAL,G,27.0
1894506,A. Mendez,11,1989296,T. Rodriguez,BIG,G,27.5
1894506,A. Mendez,12,15251,L. Parodi,CNF,G,28.1
2413907,E. Bell,1,2178363,E. Romero,CAP,C,12.3
2413907,E. Bell,2,1924909,F. Hassell,BIG,C,14.2
2413907,E. Bell,3,1314626,L. Santos,AGU,C,15.7
2413907,E. Bell,4,17554,A. Zuvich,AGU,C,15.9
2413907,E. Bell,5,2534742,T. Daniels,UUN,C,17.6
2413907,E. Bell,6,1975797,A. Ibarguen,CAP,PF,17.7
2413907,E. Bell,7,2486591,Q. Wilson,UAT,PF,17.9
2413907,E. Bell,8,2620318,J. O'neal,COR,F,18.1
2413907,E. Bell,9,43224,N. Colmenares,DSC,PF,18.3
2413907,E. Bell,10,2486580,J. Canty,HYM,C,18.7
2413907,E. Bell,11,2096885,A. Peña,WEL,PF,21.8
2413907,E. Bell,12,2074488,M. Benitez,UUN,PF,21.9
571401,X. Couste,1,16857,G. Iglesias,BIG,PF,18.0
571401,X. Couste,2,17677,B. Barrera,CNF,F,24.6
571401,X. Couste,3,16807,A. Lopez,UAT,SG,24.8
571401,X. Couste,4,1981004,D. Wright,DSC,PF,25.3
571401,X. Couste,5,968070,G. Souza,UAT,F,26.7
571401,X. Couste,6,983931,T. Leites,COR,F,27.9
571401,X. Couste,7,2534733,R. Abell,MAL,G,28.1
571401,X. Couste,8,2534746,E. Demers,UUN,G,29.4
571401,X. Couste,9,2486578,A. Nation,HYM,G,29.8
571401,X. Couste,10,16715,B. Garcia,BIG,PG,30.6
571401,X. Couste,11,15257,F. Medina,COR,G,30.8
571401,X. Couste,12,16717,G. Semiglia,HYM,F,30.8
2178363,E. Romero,1,2413907,E. Bell,CNF,PF,12.3
2178363,E. Romero,2,1645560,N. Martinez,MAL,PF,17.2
2178363,E. Romero,3,1314626,L. Santos,AGU,C,18.3
2178363,E. Romero,4,17554,A. Zuvich,AGU,C,18.3
2178363,E. Romero,5,1924909,F. Hassell,BIG,C,18.8
2178363,E. Romero,6,2261706,S. Conceicao,GOE,C,19.8
2178363,E. Romero,7,2620318,J. O'neal,COR,F,19.9
2178363,E. Romero,8,1975797,A. Ibarguen,CAP,PF,20.3
2178363,E. Romero,9,999249,M. Bianchi,DSC,PF,21.6
2178363,E. Romero,10,2074488,M. Benitez,UUN,PF,21.8
2178363,E. Romero,11,1314581,R. Previatti,WEL,PF,22.2
2178363,E. Romero,12,2486591,Q. Wilson,UAT,PF,22.6
16807,A. Lopez,1,16857,G. Iglesias,BIG,PF,18.2
16807,A. Lopez,2,17571,F. Pereiras,AGU,PG,19.3
16807,A. Lopez,3,1676246,N. Lema,CAP,PG,20.9
16807,A. Lopez,4,17677,B. Barrera,CNF,F,21.2
16807,A. Lopez,5,1981004,D. Wright,DSC,PF,21.8
16807,A. Lopez,6,17046,M. Zubiaurre,DSC,G,21.9
16807,A. Lopez,7,16717,G. Semiglia,HYM,F,22.2
16807,A. Lopez,8,968070,G. Souza,UAT,F,22.2
16807,A. Lopez,9,15216,E. Gonzalez,COR,F,22.8
16807,A. Lopez,10,1642412,S. Hogan,CAP,F,23.4
16807,A. Lopez,11,16511,S. Moglia,WEL,F,23.7
16807,A. Lopez,12,62685,S. Massa,UUN,F,23.9
1567203,M. Oyenard,1,17046,M. Zubiaurre,DSC,G,14.5
1567203,M. Oyenard,2,17691,E. Serres,CAP,F,17.5
1567203,M. Oyenard,3,2534741,T. Prince,UAT,F,18.1
1567203,M. Oyenard,4,191795,S. Ottonello,BIG,PF,18.7
1567203,M. Oyenard,5,727814,I. Xavier,HYM,F,19.2
1567203,M. Oyenard,6,1314581,R. Previatti,WEL,PF,20.4
1567203,M. Oyenard,7,2394559,D. Zekovic,MAL,C,21.1
1567203,M. Oyenard,8,2486578,A. Nation,HYM,G,21.3
1567203,M. Oyenard,9,2074488,M. Benitez,UUN,PF,23.5
1567203,M. Oyenard,10,16807,A. Lopez,UAT,SG,24.2
1567203,M. Oyenard,11,2486591,Q. Wilson,UAT,PF,24.2
1567203,M. Oyenard,12,17044,F. Verrone,GOE,PF,24.3
1989296,T. Rodriguez,1,1334179,F. Garcia,WEL,G,16.6
1989296,T. Rodriguez,2,2534738,I. Ross,UAT,G,17.4
1989296,T. Rodriguez,3,1338848,M. Giano,UAT,PG,18.2
1989296,T. Rodriguez,4,2399946,J. Webster,MAL,PG,18.2
1989296,T. Rodriguez,5,16717,G. Semiglia,HYM,F,19.6
1989296,T. Rodriguez,6,16177,M. Romero,MAL,G,21.7
1989296,T. Rodriguez,7,2534734,J. Cruz,MAL,F,21.7
1989296,T. Rodriguez,8,16511,S. Moglia,WEL,F,22.0
1989296,T. Rodriguez,9,15251,L. Parodi,CNF,G,22.5
1989296,T. Rodriguez,10,1346396,S. Fernandez,MAL,G,23.8
1989296,T. Rodriguez,11,2589974,E. Weaver,DSC,G,24.2
1989296,T. Rodriguez,12,961332,E. Bonet,GOE,PG,24.3
17677,B. Barrera,1,2620614,A. Spruill,COR,G,14.6
17677,B. Barrera,2,16857,G. Iglesias,BIG,PF,18.0
17677,B. Barrera,3,2486578,A. Nation,HYM,G,19.6
17677,B. Barrera,4,1709203,E. Holt,UUN,PF,19.7
17677,B. Barrera,5,15216,E. Gonzalez,COR,F,20.9
17677,B. Barrera,6,17691,E. Serres,CAP,F,21.1
17677,B. Barrera,7,16807,A. Lopez,UAT,SG,21.2
17677,B. Barrera,8,2534734,J. Cruz,MAL,F,23.2
17677,B. Barrera,9,727814,I. Xavier,HYM,F,23.2
17677,B. Barrera,10,16717,G. Semiglia,HYM,F,24.4
17677,B. Barrera,11,571401,X. Couste,GOE,F,24.6
17677,B. Barrera,12,17046,M. Zubiaurre,DSC,G,25.5
2074488,M. Benitez,1,2620318,J. O'neal,COR,F,17.1
2074488,M. Benitez,2,1871466,A. Pruitt,GOE,PF,17.4
2074488,M. Benitez,3,191795,S. Ottonello,BIG,PF,19.0
2074488,M. Benitez,4,2486580,J. Canty,HYM,C,19.0
2074488,M. Benitez,5,727814,I. Xavier,HYM,F,20.1
2074488,M. Benitez,6,2261706,S. Conceicao,GOE,C,20.6
2074488,M. Benitez,7,1924909,F. Hassell,BIG,C,21.2
2074488,M. Benitez,8,1645560,N. Martinez,MAL,PF,21.6
2074488,M. Benitez,9,17669,G. Espindola,CNF,F,21.7
2074488,M. Benitez,10,2178363,E. Romero,CAP,C,21.8
2074488,M. Benitez,11,2413907,E. Bell,CNF,PF,21.9
2074488,M. Benitez,12,17554,A. Zuvich,AGU,C,22.0
1714808,B. Curadossi,1,2534718,J. Matos,BIG,PG,20.0
1714808,B. Curadossi,2,727814,I. Xavier,HYM,F,22.5
1714808,B. Curadossi,3,2577763,A. Gilder Jr.,COR,PG,23.0
1714808,B. Curadossi,4,2486578,A. Nation,HYM,G,23.5
1714808,B. Curadossi,5,811063,N. Pomoli,CAP,PG,24.2
1714808,B. Curadossi,6,1987397,J. Josiah,GOE,PG,24.6
1714808,B. Curadossi,7,1430994,J. Rodriguez,AGU,F,24.7
1714808,B. Curadossi,8,1567203,M. Oyenard,GOE,PG,24.7
1714808,B. Curadossi,9,17044,F. Verrone,GOE,PF,24.9
1714808,B. Curadossi,10,191795,S. Ottonello,BIG,PF,25.5
1714808,B. Curadossi,11,425204,A. Louis,HYM,PF,26.1
1714808,B. Curadossi,12,1871466,A. Pruitt,GOE,PF,26.2
1981004,D. Wright,1,62685,S. Massa,UUN,F,17.5
1981004,D. Wright,2,2620317,T. Ferguson,WEL,SG,20.3
1981004,D. Wright,3,16807,A. Lopez,UAT,SG,21.8
1981004,D. Wright,4,16857,G. Iglesias,BIG,PF,23.4
1981004,D. Wright,5,983931,T. Leites,COR,F,23.6
1981004,D. Wright,6,968070,G. Souza,UAT,F,24.7
1981004,D. Wright,7,17046,M. Zubiaurre,DSC,G,25.1
1981004,D. Wright,8,571401,X. Couste,GOE,F,25.3
1981004,D. Wright,9,17571,F. Pereiras,AGU,PG,26.0
1981004,D. Wright,10,1314581,R. Previatti,WEL,PF,26.7
1981004,D. Wright,11,539387,F. Soto,DSC,F,27.2
1981004,D. Wright,12,1567203,M. Oyenard,GOE,PG,27.7
1334179,F. Garcia,1,2399946,J. Webster,MAL,PG,13.1
1334179,F. Garcia,2,1989296,T. Rodriguez,BIG,G,16.6
1334179,F. Garcia,3,961332,E. Bonet,GOE,PG,17.9
1334179,F. Garcia,4,16717,G. Semiglia,HYM,F,18.6
1334179,F. Garcia,5,1338848,M. Giano,UAT,PG,19.0
1334179,F. Garcia,6,16508,A. Acosta,GOE,G,19.0
1334179,F. Garcia,7,2324181,D. Hicks,BIG,G,19.3
1334179,F. Garcia,8,2321121,J. Feldeine,CNF,G,21.3
1334179,F. Garcia,9,15251,L. Parodi,CNF,G,21.9
1334179,F. Garcia,10,701864,D. Sims,AGU,PG,23.5
1334179,F. Garcia,11,15257,F. Medina,COR,G,24.3
1334179,F. Garcia,12,16511,S. Moglia,WEL,F,24.7
14724,S. Vidal,1,1894506,A. Mendez,CNF,G,19.7
14724,S. Vidal,2,15251,L. Parodi,CNF,G,20.4
14724,S. Vidal,3,1942261,M. Espinosa,BIG,G,22.7
14724,S. Vidal,4,17379,P. Rusch,COR,G,23.0
14724,S. Vidal,5,16511,S. Moglia,WEL,F,26.9
14724,S. Vidal,6,1989296,T. Rodriguez,BIG,G,27.1
14724,S. Vidal,7,2324181,D. Hicks,BIG,G,27.1
14724,S. Vidal,8,2399946,J. Webster,MAL,PG,27.5
14724,S. Vidal,9,2321121,J. Feldeine,CNF,G,27.7
14724,S. Vidal,10,617418,S. Vescovi,CAP,PG,27.7
14724,S. Vidal,11,1334179,F. Garcia,WEL,G,27.9
14724,S. Vidal,12,1346396,S. Fernandez,MAL,G,28.3
1338848,M. Giano,1,1989296,T. Rodriguez,BIG,G,18.2
1338848,M. Giano,2,1334179,F. Garcia,WEL,G,19.0
1338848,M. Giano,3,16511,S. Moglia,WEL,F,22.1
1338848,M. Giano,4,2399946,J. Webster,MAL,PG,23.8
1338848,M. Giano,5,2534746,E. Demers,UUN,G,24.0
1338848,M. Giano,6,701864,D. Sims,AGU,PG,24.2
1338848,M. Giano,7,2589974,E. Weaver,DSC,G,24.4
1338848,M. Giano,8,2321121,J. Feldeine,CNF,G,24.5
1338848,M. Giano,9,1942261,M. Espinosa,BIG,G,24.8
1338848,M. Giano,10,17379,P. Rusch,COR,G,25.9
1338848,M. Giano,11,16177,M. Romero,MAL,G,26.0
1338848,M. Giano,12,2324181,D. Hicks,BIG,G,26.5
16511,S. Moglia,1,1722930,P. Prieto,CNF,G,17.5
16511,S. Moglia,2,1894506,A. Mendez,CNF,G,21.0
16511,S. Moglia,3,1642412,S. Hogan,CAP,F,21.5
16511,S. Moglia,4,1989296,T. Rodriguez,BIG,G,22.0
16511,S. Moglia,5,1338848,M. Giano,UAT,PG,22.1
16511,S. Moglia,6,1676246,N. Lema,CAP,PG,22.2
16511,S. Moglia,7,17044,F. Verrone,GOE,PF,23.3
16511,S. Moglia,8,16857,G. Iglesias,BIG,PF,23.4
16511,S. Moglia,9,539387,F. Soto,DSC,F,23.4
16511,S. Moglia,10,16807,A. Lopez,UAT,SG,23.7
16511,S. Moglia,11,1942261,M. Espinosa,BIG,G,23.9
16511,S. Moglia,12,16717,G. Semiglia,HYM,F,24.0
2603089,C. Alaekwe,1,191820,F. Terra,DSC,G,20.0
2603089,C. Alaekwe,2,2534718,J. Matos,BIG,PG,21.3
2603089,C. Alaekwe,3,909792,A. Arevalo,WEL,F,24.0
2603089,C. Alaekwe,4,811063,N. Pomoli,CAP,PG,25.6
2603089,C. Alaekwe,5,1346396,S. Fernandez,MAL,G,26.1
2603089,C. Alaekwe,6,17101,J. Santiso,AGU,G,27.8
2603089,C. Alaekwe,7,2577763,A. Gilder Jr.,COR,PG,29.3
2603089,C. Alaekwe,8,1714808,B. Curadossi,UUN,PG,30.4
2603089,C. Alaekwe,9,2620614,A. Spruill,COR,G,30.9
2603089,C. Alaekwe,10,727814,I. Xavier,HYM,F,32.9
2603089,C. Alaekwe,11,16508,A. Acosta,GOE,G,33.4
2603089,C. Alaekwe,12,43252,M. Sarni,UUN,G,34.1
2620317,T. Ferguson,1,62685,S. Massa,UUN,F,19.6
2620317,T. Ferguson,2,1981004,D. Wright,DSC,PF,20.3
2620317,T. Ferguson,3,16717,G. Semiglia,HYM,F,22.8
2620317,T. Ferguson,4,961332,E. Bonet,GOE,PG,23.5
2620317,T. Ferguson,5,2619167,T. Cracknell,GOE,PG,23.6
2620317,T. Ferguson,6,16508,A. Acosta,GOE,G,24.3
2620317,T. Ferguson,7,17046,M. Zubiaurre,DSC,G,24.8
2620317,T. Ferguson,8,15257,F. Medina,COR,G,25.2
2620317,T. Ferguson,9,623893,L. Planells,COR,G,25.7
2620317,T. Ferguson,10,727814,I. Xavier,HYM,F,26.1
2620317,T. Ferguson,11,16807,A. Lopez,UAT,SG,26.6
2620317,T. Ferguson,12,17571,F. Pereiras,AGU,PG,26.7
16717,G. Semiglia,1,961332,E. Bonet,GOE,PG,17.5
16717,G. Semiglia,2,15259,S. Zanotta,HYM,G,17.6
16717,G. Semiglia,3,16508,A. Acosta,GOE,G,17.6
16717,G. Semiglia,4,1334179,F. Garcia,WEL,G,18.6
16717,G. Semiglia,5,17071,F. Bavosi,CAP,G,18.9
16717,G. Semiglia,6,16177,M. Romero,MAL,G,19.1
16717,G. Semiglia,7,15257,F. Medina,COR,G,19.4
16717,G. Semiglia,8,1989296,T. Rodriguez,BIG,G,19.6
16717,G. Semiglia,9,1346396,S. Fernandez,MAL,G,19.7
16717,G. Semiglia,10,15216,E. Gonzalez,COR,F,21.1
16717,G. Semiglia,11,623893,L. Planells,COR,G,21.8
16717,G. Semiglia,12,2534738,I. Ross,UAT,G,22.0
16857,G. Iglesias,1,17677,B. Barrera,CNF,F,18.0
16857,G. Iglesias,2,571401,X. Couste,GOE,F,18.0
16857,G. Iglesias,3,16807,A. Lopez,UAT,SG,18.2
16857,G. Iglesias,4,539387,F. Soto,DSC,F,18.3
16857,G. Iglesias,5,17046,M. Zubiaurre,DSC,G,20.3
16857,G. Iglesias,6,968070,G. Souza,UAT,F,21.6
16857,G. Iglesias,7,16717,G. Semiglia,HYM,F,22.5
16857,G. Iglesias,8,16511,S. Moglia,WEL,F,23.4
16857,G. Iglesias,9,1981004,D. Wright,DSC,PF,23.4
16857,G. Iglesias,10,2486578,A. Nation,HYM,G,23.6
16857,G. Iglesias,11,1709203,E. Holt,UUN,PF,23.7
16857,G. Iglesias,12,1642407,D. Pena Garcia,WEL,F,23.9
15257,F. Medina,1,16717,G. Semiglia,HYM,F,19.4
15257,F. Medina,2,961332,E. Bonet,GOE,PG,21.3
15257,F. Medina,3,16508,A. Acosta,GOE,G,22.1
15257,F. Medina,4,2534738,I. Ross,UAT,G,23.1
15257,F. Medina,5,1334179,F. Garcia,WEL,G,24.3
15257,F. Medina,6,2486578,A. Nation,HYM,G,25.1
15257,F. Medina,7,2534733,R. Abell,MAL,G,25.2
15257,F. Medina,8,2620317,T. Ferguson,WEL,SG,25.2
15257,F. Medina,9,16177,M. Romero,MAL,G,25.3
15257,F. Medina,10,15259,S. Zanotta,HYM,G,25.5
15257,F. Medina,11,1989296,T. Rodriguez,BIG,G,26.3
15257,F. Medina,12,2399946,J. Webster,MAL,PG,27.4
1871466,A. Pruitt,1,2074488,M. Benitez,UUN,PF,17.4
1871466,A. Pruitt,2,2486580,J. Canty,HYM,C,20.6
1871466,A. Pruitt,3,208488,J. Ducasse,UAT,F,21.3
1871466,A. Pruitt,4,727814,I. Xavier,HYM,F,22.6
1871466,A. Pruitt,5,17669,G. Espindola,CNF,F,22.7
1871466,A. Pruitt,6,2620318,J. O'neal,COR,F,24.4
1871466,A. Pruitt,7,1567203,M. Oyenard,GOE,PG,24.9
1871466,A. Pruitt,8,2394559,D. Zekovic,MAL,C,25.2
1871466,A. Pruitt,9,191795,S. Ottonello,BIG,PF,25.5
1871466,A. Pruitt,10,1714808,B. Curadossi,UUN,PG,26.2
1871466,A. Pruitt,11,2261706,S. Conceicao,GOE,C,26.6
1871466,A. Pruitt,12,43224,N. Colmenares,DSC,PF,26.8
909792,A. Arevalo,1,2603089,C. Alaekwe,UAT,PG,24.0
909792,A. Arevalo,2,1346396,S. Fernandez,MAL,G,27.6
909792,A. Arevalo,3,2534718,J. Matos,BIG,PG,27.6
909792,A. Arevalo,4,191820,F. Terra,DSC,G,29.5
909792,A. Arevalo,5,2620614,A. Spruill,COR,G,32.4
909792,A. Arevalo,6,2534738,I. Ross,UAT,G,33.3
909792,A. Arevalo,7,15216,E. Gonzalez,COR,F,33.4
909792,A. Arevalo,8,1714808,B. Curadossi,UUN,PG,33.4
909792,A. Arevalo,9,17101,J. Santiso,AGU,G,34.0
909792,A. Arevalo,10,17677,B. Barrera,CNF,F,34.1
909792,A. Arevalo,11,1989296,T. Rodriguez,BIG,G,34.6
909792,A. Arevalo,12,1645559,J. Stoll,WEL,G,36.1
1346396,S. Fernandez,1,16717,G. Semiglia,HYM,F,19.7
1346396,S. Fernandez,2,17071,F. Bavosi,CAP,G,19.8
1346396,S. Fernandez,3,15251,L. Parodi,CNF,G,20.1
1346396,S. Fernandez,4,961332,E. Bonet,GOE,PG,20.8
1346396,S. Fernandez,5,16177,M. Romero,MAL,G,20.9
1346396,S. Fernandez,6,15259,S. Zanotta,HYM,G,21.9
1346396,S. Fernandez,7,17101,J. Santiso,AGU,G,22.0
1346396,S. Fernandez,8,15216,E. Gonzalez,COR,F,22.1
1346396,S. Fernandez,9,1942261,M. Espinosa,BIG,G,22.9
1346396,S. Fernandez,10,2534738,I. Ross,UAT,G,23.6
1346396,S. Fernandez,11,1989296,T. Rodriguez,BIG,G,23.8
1346396,S. Fernandez,12,16511,S. Moglia,WEL,F,24.7
15251,L. Parodi,1,43252,M. Sarni,UUN,G,17.0
15251,L. Parodi,2,1942261,M. Espinosa,BIG,G,17.3
15251,L. Parodi,3,17379,P. Rusch,COR,G,19.4
15251,L. Parodi,4,16177,M. Romero,MAL,G,19.9
15251,L. Parodi,5,1645559,J. Stoll,WEL,G,19.9
15251,L. Parodi,6,1346396,S. Fernandez,MAL,G,20.1
15251,L. Parodi,7,14724,S. Vidal,AGU,G,20.4
15251,L. Parodi,8,961332,E. Bonet,GOE,PG,20.5
15251,L. Parodi,9,16508,A. Acosta,GOE,G,21.3
15251,L. Parodi,10,1334179,F. Garcia,WEL,G,21.9
15251,L. Parodi,11,1989296,T. Rodriguez,BIG,G,22.5
15251,L. Parodi,12,2399946,J. Webster,MAL,PG,22.6
2255313,V. Andrade,1,1709203,E. Holt,UUN,PF,26.9
2255313,V. Andrade,2,2620614,A. Spruill,COR,G,27.5
2255313,V. Andrade,3,191795,S. Ottonello,BIG,PF,28.5
2255313,V. Andrade,4,1661038,P. Gomez,CNF,C,28.8
2255313,V. Andrade,5,1924909,F. Hassell,BIG,C,28.9
2255313,V. Andrade,6,2288279,J. Strings,GOE,C,29.1
2255313,V. Andrade,7,258681,M. Rojas,CAP,PF,29.1
2255313,V. Andrade,8,2261706,S. Conceicao,GOE,C,29.6
2255313,V. Andrade,9,2074488,M. Benitez,UUN,PF,30.4
2255313,V. Andrade,10,2394559,D. Zekovic,MAL,C,31.0
2255313,V. Andrade,11,2486591,Q. Wilson,UAT,PF,31.0
2255313,V. Andrade,12,17691,E. Serres,CAP,F,31.4
43224,N. Colmenares,1,2413907,E. Bell,CNF,PF,18.3
43224,N. Colmenares,2,2486580,J. Canty,HYM,C,19.1
43224,N. Colmenares,3,2620318,J. O'neal,COR,F,21.3
43224,N. Colmenares,4,258681,M. Rojas,CAP,PF,21.8
43224,N. Colmenares,5,17554,A. Zuvich,AGU,C,22.1
43224,N. Colmenares,6,2534742,T. Daniels,UUN,C,22.7
43224,N. Colmenares,7,191795,S. Ottonello,BIG,PF,23.1
43224,N. Colmenares,8,17628,E. Oglivie,CNF,C,23.3
43224,N. Colmenares,9,1924909,F. Hassell,BIG,C,24.0
43224,N. Colmenares,10,2486591,Q. Wilson,UAT,PF,24.0
43224,N. Colmenares,11,2394559,D. Zekovic,MAL,C,24.6
43224,N. Colmenares,12,2534741,T. Prince,UAT,F,25.0
17044,F. Verrone,1,16511,S. Moglia,WEL,F,23.3
17044,F. Verrone,2,2394559,D. Zekovic,MAL,C,23.3
17044,F. Verrone,3,1430994,J. Rodriguez,AGU,F,23.9
17044,F. Verrone,4,1567203,M. Oyenard,GOE,PG,24.3
17044,F. Verrone,5,1314581,R. Previatti,WEL,PF,24.5
17044,F. Verrone,6,2534741,T. Prince,UAT,F,24.7
17044,F. Verrone,7,1714808,B. Curadossi,UUN,PG,24.9
17044,F. Verrone,8,2486578,A. Nation,HYM,G,25.8
17044,F. Verrone,9,539387,F. Soto,DSC,F,27.1
17044,F. Verrone,10,191795,S. Ottonello,BIG,PF,27.2
17044,F. Verrone,11,1871466,A. Pruitt,GOE,PF,27.6
17044,F. Verrone,12,2261706,S. Conceicao,GOE,C,27.6
17046,M. Zubiaurre,1,1567203,M. Oyenard,GOE,PG,14.5
17046,M. Zubiaurre,2,727814,I. Xavier,HYM,F,20.1
17046,M. Zubiaurre,3,16857,G. Iglesias,BIG,PF,20.3
17046,M. Zubiaurre,4,17691,E. Serres,CAP,F,20.7
17046,M. Zubiaurre,5,16807,A. Lopez,UAT,SG,21.9
17046,M. Zubiaurre,6,539387,F. Soto,DSC,F,22.1
17046,M. Zubiaurre,7,15216,E. Gonzalez,COR,F,22.2
17046,M. Zubiaurre,8,1314581,R. Previatti,WEL,PF,22.5
17046,M. Zubiaurre,9,16717,G. Semiglia,HYM,F,22.9
17046,M. Zubiaurre,10,2486578,A. Nation,HYM,G,24.2
17046,M. Zubiaurre,11,16616,N. Catala,BIG,F,24.7
17046,M. Zubiaurre,12,983931,T. Leites,COR,F,24.7
727814,I. Xavier,1,17669,G. Espindola,CNF,F,15.6
727814,I. Xavier,2,1567203,M. Oyenard,GOE,PG,19.2
727814,I. Xavier,3,17046,M. Zubiaurre,DSC,G,20.1
727814,I. Xavier,4,2074488,M. Benitez,UUN,PF,20.1
727814,I. Xavier,5,1714808,B. Curadossi,UUN,PG,22.5
727814,I. Xavier,6,1871466,A. Pruitt,GOE,PF,22.6
727814,I. Xavier,7,16177,M. Romero,MAL,G,22.8
727814,I. Xavier,8,191795,S. Ottonello,BIG,PF,22.8
727814,I. Xavier,9,17677,B. Barrera,CNF,F,23.2
727814,I. Xavier,10,17691,E. Serres,CAP,F,23.3
727814,I. Xavier,11,15216,E. Gonzalez,COR,F,23.5
727814,I. Xavier,12,2486578,A. Nation,HYM,G,24.1
961332,E. Bonet,1,15259,S. Zanotta,HYM,G,16.3
961332,E. Bonet,2,16717,G. Semiglia,HYM,F,17.5
961332,E. Bonet,3,1334179,F. Garcia,WEL,G,17.9
961332,E. Bonet,4,623893,L. Planells,COR,G,18.4
961332,E. Bonet,5,16508,A. Acosta,GOE,G,18.7
961332,E. Bonet,6,2399946,J. Webster,MAL,PG,19.1
961332,E. Bonet,7,15251,L. Parodi,CNF,G,20.5
961332,E. Bonet,8,1346396,S. Fernandez,MAL,G,20.8
961332,E. Bonet,9,15257,F. Medina,COR,G,21.3
961332,E. Bonet,10,17071,F. Bavosi,CAP,G,21.3
961332,E. Bonet,11,16177,M. Romero,MAL,G,21.4
961332,E. Bonet,12,2534738,I. Ross,UAT,G,21.8
17101,J. Santiso,1,15259,S. Zanotta,HYM,G,19.1
17101,J. Santiso,2,191820,F. Terra,DSC,G,21.5
17101,J. Santiso,3,1346396,S. Fernandez,MAL,G,22.0
17101,J. Santiso,4,16177,M. Romero,MAL,G,23.3
17101,J. Santiso,5,17379,P. Rusch,COR,G,24.1
17101,J. Santiso,6,961332,E. Bonet,GOE,PG,24.3
17101,J. Santiso,7,16717,G. Semiglia,HYM,F,24.9
17101,J. Santiso,8,2619167,T. Cracknell,GOE,PG,24.9
17101,J. Santiso,9,2534738,I. Ross,UAT,G,25.8
17101,J. Santiso,10,17071,F. Bavosi,CAP,G,26.0
17101,J. Santiso,11,15216,E. Gonzalez,COR,F,26.5
17101,J. Santiso,12,15251,L. Parodi,CNF,G,26.8
1314581,R. Previatti,1,999249,M. Bianchi,DSC,PF,13.9
1314581,R. Previatti,2,17554,A. Zuvich,AGU,C,18.4
1314581,R. Previatti,3,17691,E. Serres,CAP,F,19.7
1314581,R. Previatti,4,1567203,M. Oyenard,GOE,PG,20.4
1314581,R. Previatti,5,1645560,N. Martinez,MAL,PF,21.3
1314581,R. Previatti,6,2178363,E. Romero,CAP,C,22.2
1314581,R. Previatti,7,17046,M. Zubiaurre,DSC,G,22.5
1314581,R. Previatti,8,2394559,D. Zekovic,MAL,C,23.2
1314581,R. Previatti,9,2261706,S. Conceicao,GOE,C,23.7
1314581,R. Previatti,10,16857,G. Iglesias,BIG,PF,24.0
1314581,R. Previatti,11,1709203,E. Holt,UUN,PF,24.0
1314581,R. Previatti,12,2074488,M. Benitez,UUN,PF,24.0
15196,M. Cabot,1,17571,F. Pereiras,AGU,PG,19.6
15196,M. Cabot,2,16715,B. Garcia,BIG,PG,21.6
15196,M. Cabot,3,1676246,N. Lema,CAP,PG,22.8
15196,M. Cabot,4,968070,G. Souza,UAT,F,23.0
15196,M. Cabot,5,1642407,D. Pena Garcia,WEL,F,23.7
15196,M. Cabot,6,961332,E. Bonet,GOE,PG,24.5
15196,M. Cabot,7,17071,F. Bavosi,CAP,G,24.9
15196,M. Cabot,8,623893,L. Planells,COR,G,25.9
15196,M. Cabot,9,16717,G. Semiglia,HYM,F,26.1
15196,M. Cabot,10,16807,A. Lopez,UAT,SG,26.6
15196,M. Cabot,11,16511,S. Moglia,WEL,F,26.7
15196,M. Cabot,12,1338848,M. Giano,UAT,PG,26.9
17669,G. Espindola,1,727814,I. Xavier,HYM,F,15.6
17669,G. Espindola,2,2074488,M. Benitez,UUN,PF,21.7
17669,G. Espindola,3,1871466,A. Pruitt,GOE,PF,22.7
17669,G. Espindola,4,1765563,A. Moller,UUN,F,24.1
17669,G. Espindola,5,258698,M. Mayora,HYM,G,26.9
17669,G. Espindola,6,208488,J. Ducasse,UAT,F,28.9
17669,G. Espindola,7,1714808,B. Curadossi,UUN,PG,29.0
17669,G. Espindola,8,1723827,M. Mac Mullen,DSC,PG,30.0
17669,G. Espindola,9,191795,S. Ottonello,BIG,PF,30.6
17669,G. Espindola,10,1676246,N. Lema,CAP,PG,30.7
17669,G. Espindola,11,1987397,J. Josiah,GOE,PG,30.8
17669,G. Espindola,12,43252,M. Sarni,UUN,G,30.9
999249,M. Bianchi,1,1314581,R. Previatti,WEL,PF,13.9
999249,M. Bianchi,2,17554,A. Zuvich,AGU,C,18.7
999249,M. Bianchi,3,2178363,E. Romero,CAP,C,21.6
999249,M. Bianchi,4,1645560,N. Martinez,MAL,PF,22.6
999249,M. Bianchi,5,2620318,J. O'neal,COR,F,25.7
999249,M. Bianchi,6,2413907,E. Bell,CNF,PF,26.0
999249,M. Bianchi,7,2534741,T. Prince,UAT,F,26.0
999249,M. Bianchi,8,17691,E. Serres,CAP,F,26.1
999249,M. Bianchi,9,2261706,S. Conceicao,GOE,C,27.0
999249,M. Bianchi,10,1567203,M. Oyenard,GOE,PG,27.1
999249,M. Bianchi,11,2074488,M. Benitez,UUN,PF,27.2
999249,M. Bianchi,12,2096885,A. Peña,WEL,PF,28.0
17571,F. Pereiras,1,1676246,N. Lema,CAP,PG,14.9
17571,F. Pereiras,2,1723827,M. Mac Mullen,DSC,PG,17.1
17571,F. Pereiras,3,968070,G. Souza,UAT,F,18.5
17571,F. Pereiras,4,16807,A. Lopez,UAT,SG,19.3
17571,F. Pereiras,5,15196,M. Cabot,CNF,G,19.6
17571,F. Pereiras,6,983931,T. Leites,COR,F,19.6
17571,F. Pereiras,7,16177,M. Romero,MAL,G,23.4
17571,F. Pereiras,8,1942261,M. Espinosa,BIG,G,23.9
17571,F. Pereiras,9,539387,F. Soto,DSC,F,25.5
17571,F. Pereiras,10,17046,M. Zubiaurre,DSC,G,25.7
17571,F. Pereiras,11,1894506,A. Mendez,CNF,G,25.8
17571,F. Pereiras,12,1642412,S. Hogan,CAP,F,26.0
17110,O. Medina,1,1723827,M. Mac Mullen,DSC,PG,23.2
17110,O. Medina,2,1676246,N. Lema,CAP,PG,25.5
17110,O. Medina,3,17554,A. Zuvich,AGU,C,26.1
17110,O. Medina,4,1314581,R. Previatti,WEL,PF,26.4
17110,O. Medina,5,1975797,A. Ibarguen,CAP,PF,26.4
17110,O. Medina,6,16807,A. Lopez,UAT,SG,28.5
17110,O. Medina,7,17571,F. Pereiras,AGU,PG,28.7
17110,O. Medina,8,725720,T. Metzger,DSC,PF,29.4
17110,O. Medina,9,999249,M. Bianchi,DSC,PF,29.7
17110,O. Medina,10,2074488,M. Benitez,UUN,PF,31.4
17110,O. Medina,11,17628,E. Oglivie,CNF,C,31.7
17110,O. Medina,12,2534720,B. Beamer,COR,F,32.0
1723827,M. Mac Mullen,1,1676246,N. Lema,CAP,PG,15.6
1723827,M. Mac Mullen,2,17571,F. Pereiras,AGU,PG,17.1
1723827,M. Mac Mullen,3,17110,O. Medina,MAL,F,23.2
1723827,M. Mac Mullen,4,16807,A. Lopez,UAT,SG,24.3
1723827,M. Mac Mullen,5,983931,T. Leites,COR,F,24.3
1723827,M. Mac Mullen,6,968070,G. Souza,UAT,F,24.8
1723827,M. Mac Mullen,7,539387,F. Soto,DSC,F,26.2
1723827,M. Mac Mullen,8,1642412,S. Hogan,CAP,F,27.3
1723827,M. Mac Mullen,9,62685,S. Massa,UUN,F,27.5
1723827,M. Mac Mullen,10,15196,M. Cabot,CNF,G,27.6
1723827,M. Mac Mullen,11,1981004,D. Wright,DSC,PF,27.7
1723827,M. Mac Mullen,12,1314581,R. Previatti,WEL,PF,28.3
1644398,J. Sacco,1,1714808,B. Curadossi,UUN,PG,26.8
1644398,J. Sacco,2,727814,I. Xavier,HYM,F,28.0
1644398,J. Sacco,3,43224,N. Colmenares,DSC,PF,28.3
1644398,J. Sacco,4,191795,S. Ottonello,BIG,PF,29.0
1644398,J. Sacco,5,2074488,M. Benitez,UUN,PF,30.1
1644398,J. Sacco,6,1987397,J. Josiah,GOE,PG,30.2
1644398,J. Sacco,7,2386709,C. Zinaich,CNF,F,30.3
1644398,J. Sacco,8,258681,M. Rojas,CAP,PF,30.4
1644398,J. Sacco,9,1765563,A. Moller,UUN,F,30.6
1644398,J. Sacco,10,425204,A. Louis,HYM,PF,30.8
1644398,J. Sacco,11,1871466,A. Pruitt,GOE,PF,31.4
1644398,J. Sacco,12,17669,G. Espindola,CNF,F,31.5
15216,E. Gonzalez,1,16177,M. Romero,MAL,G,19.5
15216,E. Gonzalez,2,17071,F. Bavosi,CAP,G,20.3
15216,E. Gonzalez,3,17677,B. Barrera,CNF,F,20.9
15216,E. Gonzalez,4,16717,G. Semiglia,HYM,F,21.1
15216,E. Gonzalez,5,1642407,D. Pena Garcia,WEL,F,21.5
15216,E. Gonzalez,6,1346396,S. Fernandez,MAL,G,22.1
15216,E. Gonzalez,7,17046,M. Zubiaurre,DSC,G,22.2
15216,E. Gonzalez,8,16807,A. Lopez,UAT,SG,22.8
15216,E. Gonzalez,9,727814,I. Xavier,HYM,F,23.5
15216,E. Gonzalez,10,16857,G. Iglesias,BIG,PF,24.3
15216,E. Gonzalez,11,2620614,A. Spruill,COR,G,24.8
15216,E. Gonzalez,12,1676246,N. Lema,CAP,PG,25.1
1942261,M. Espinosa,1,258698,M. Mayora,HYM,G,17.1
1942261,M. Espinosa,2,15251,L. Parodi,CNF,G,17.3
1942261,M. Espinosa,3,16177,M. Romero,MAL,G,20.1
1942261,M. Espinosa,4,1894506,A. Mendez,CNF,G,20.6
1942261,M. Espinosa,5,43252,M. Sarni,UUN,G,21.4
1942261,M. Espinosa,6,17379,P. Rusch,COR,G,22.0
1942261,M. Espinosa,7,14724,S. Vidal,AGU,G,22.7
1942261,M. Espinosa,8,1346396,S. Fernandez,MAL,G,22.9
1942261,M. Espinosa,9,1722930,P. Prieto,CNF,G,23.4
1942261,M. Espinosa,10,16511,S. Moglia,WEL,F,23.9
1942261,M. Espinosa,11,17571,F. Pereiras,AGU,PG,23.9
1942261,M. Espinosa,12,1338848,M. Giano,UAT,PG,24.8
16508,A. Acosta,1,16739,G. Barrera,WEL,G,14.1
16508,A. Acosta,2,16717,G. Semiglia,HYM,F,17.6
16508,A. Acosta,3,961332,E. Bonet,GOE,PG,18.7
16508,A. Acosta,4,1334179,F. Garcia,WEL,G,19.0
16508,A. Acosta,5,15259,S. Zanotta,HYM,G,19.4
16508,A. Acosta,6,17379,P. Rusch,COR,G,21.0
16508,A. Acosta,7,15251,L. Parodi,CNF,G,21.3
16508,A. Acosta,8,623893,L. Planells,COR,G,21.9
16508,A. Acosta,9,15257,F. Medina,COR,G,22.1
16508,A. Acosta,10,17071,F. Bavosi,CAP,G,22.4
16508,A. Acosta,11,1645559,J. Stoll,WEL,G,23.7
16508,A. Acosta,12,16177,M. Romero,MAL,G,23.9
16177,M. Romero,1,17379,P. Rusch,COR,G,17.7
16177,M. Romero,2,16717,G. Semiglia,HYM,F,19.1
16177,M. Romero,3,15216,E. Gonzalez,COR,F,19.5
16177,M. Romero,4,17071,F. Bavosi,CAP,G,19.5
16177,M. Romero,5,15251,L. Parodi,CNF,G,19.9
16177,M. Romero,6,1942261,M. Espinosa,BIG,G,20.1
16177,M. Romero,7,1645559,J. Stoll,WEL,G,20.8
16177,M. Romero,8,1346396,S. Fernandez,MAL,G,20.9
16177,M. Romero,9,961332,E. Bonet,GOE,PG,21.4
16177,M. Romero,10,1989296,T. Rodriguez,BIG,G,21.7
16177,M. Romero,11,727814,I. Xavier,HYM,F,22.8
16177,M. Romero,12,15259,S. Zanotta,HYM,G,23.3
1661038,P. Gomez,1,17488,K. Wachsman,MAL,PF,19.0
1661038,P. Gomez,2,2261706,S. Conceicao,GOE,C,21.8
1661038,P. Gomez,3,2074488,M. Benitez,UUN,PF,26.0
1661038,P. Gomez,4,2178363,E. Romero,CAP,C,26.5
1661038,P. Gomez,5,1645560,N. Martinez,MAL,PF,27.3
1661038,P. Gomez,6,1709203,E. Holt,UUN,PF,28.2
1661038,P. Gomez,7,208488,J. Ducasse,UAT,F,28.2
1661038,P. Gomez,8,2255313,V. Andrade,COR,C,28.8
1661038,P. Gomez,9,2413907,E. Bell,CNF,PF,29.0
1661038,P. Gomez,10,1314581,R. Previatti,WEL,PF,30.4
1661038,P. Gomez,11,17691,E. Serres,CAP,F,30.9
1661038,P. Gomez,12,727814,I. Xavier,HYM,F,31.4
983931,T. Leites,1,17571,F. Pereiras,AGU,PG,19.6
983931,T. Leites,2,968070,G. Souza,UAT,F,19.6
983931,T. Leites,3,1981004,D. Wright,DSC,PF,23.6
983931,T. Leites,4,16807,A. Lopez,UAT,SG,24.0
983931,T. Leites,5,1314581,R. Previatti,WEL,PF,24.2
983931,T. Leites,6,1723827,M. Mac Mullen,DSC,PG,24.3
983931,T. Leites,7,17046,M. Zubiaurre,DSC,G,24.7
983931,T. Leites,8,16616,N. Catala,BIG,F,25.5
983931,T. Leites,9,1676246,N. Lema,CAP,PG,25.6
983931,T. Leites,10,16857,G. Iglesias,BIG,PF,25.6
983931,T. Leites,11,16715,B. Garcia,BIG,PG,25.8
983931,T. Leites,12,539387,F. Soto,DSC,F,27.8
43252,M. Sarni,1,15251,L. Parodi,CNF,G,17.0
43252,M. Sarni,2,1645559,J. Stoll,WEL,G,21.4
43252,M. Sarni,3,1942261,M. Espinosa,BIG,G,21.4
43252,M. Sarni,4,258698,M. Mayora,HYM,G,23.8
43252,M. Sarni,5,16177,M. Romero,MAL,G,24.6
43252,M. Sarni,6,1346396,S. Fernandez,MAL,G,24.8
43252,M. Sarni,7,17379,P. Rusch,COR,G,25.4
43252,M. Sarni,8,191820,F. Terra,DSC,G,26.0
43252,M. Sarni,9,17071,F. Bavosi,CAP,G,28.5
43252,M. Sarni,10,17101,J. Santiso,AGU,G,28.9
43252,M. Sarni,11,14724,S. Vidal,AGU,G,29.0
43252,M. Sarni,12,961332,E. Bonet,GOE,PG,29.4
2261706,S. Conceicao,1,208488,J. Ducasse,UAT,F,16.9
2261706,S. Conceicao,2,2178363,E. Romero,CAP,C,19.8
2261706,S. Conceicao,3,2074488,M. Benitez,UUN,PF,20.6
2261706,S. Conceicao,4,1645560,N. Martinez,MAL,PF,20.7
2261706,S. Conceicao,5,17488,K. Wachsman,MAL,PF,21.4
2261706,S. Conceicao,6,1661038,P. Gomez,CNF,C,21.8
2261706,S. Conceicao,7,1314581,R. Previatti,WEL,PF,23.7
2261706,S. Conceicao,8,1709203,E. Holt,UUN,PF,24.7
2261706,S. Conceicao,9,2413907,E. Bell,CNF,PF,24.8
2261706,S. Conceicao,10,1871466,A. Pruitt,GOE,PF,26.6
2261706,S. Conceicao,11,999249,M. Bianchi,DSC,PF,27.0
2261706,S. Conceicao,12,2486580,J. Canty,HYM,C,27.3
539387,F. Soto,1,1676246,N. Lema,CAP,PG,17.8
539387,F. Soto,2,16857,G. Iglesias,BIG,PF,18.3
539387,F. Soto,3,968070,G. Souza,UAT,F,19.6
539387,F. Soto,4,16616,N. Catala,BIG,F,19.8
539387,F. Soto,5,17046,M. Zubiaurre,DSC,G,22.1
539387,F. Soto,6,1642407,D. Pena Garcia,WEL,F,22.4
539387,F. Soto,7,16511,S. Moglia,WEL,F,23.4
539387,F. Soto,8,16807,A. Lopez,UAT,SG,24.7
539387,F. Soto,9,17571,F. Pereiras,AGU,PG,25.5
539387,F. Soto,10,16715,B. Garcia,BIG,PG,25.7
539387,F. Soto,11,208488,J. Ducasse,UAT,F,25.7
539387,F. Soto,12,62685,S. Massa,UUN,F,25.7
258681,M. Rojas,1,43224,N. Colmenares,DSC,PF,21.8
258681,M. Rojas,2,2534742,T. Daniels,UUN,C,23.1
258681,M. Rojas,3,191795,S. Ottonello,BIG,PF,24.9
258681,M. Rojas,4,17691,E. Serres,CAP,F,25.0
258681,M. Rojas,5,727814,I. Xavier,HYM,F,25.1
258681,M. Rojas,6,2394559,D. Zekovic,MAL,C,25.6
258681,M. Rojas,7,2413907,E. Bell,CNF,PF,26.7
258681,M. Rojas,8,17554,A. Zuvich,AGU,C,26.9
258681,M. Rojas,9,17488,K. Wachsman,MAL,PF,27.4
258681,M. Rojas,10,1567203,M. Oyenard,GOE,PG,28.1
258681,M. Rojas,11,2486591,Q. Wilson,UAT,PF,28.5
258681,M. Rojas,12,17628,E. Oglivie,CNF,C,29.1
208488,J. Ducasse,1,2261706,S. Conceicao,GOE,C,16.9
208488,J. Ducasse,2,16616,N. Catala,BIG,F,20.0
208488,J. Ducasse,3,2288279,J. Strings,GOE,C,21.1
208488,J. Ducasse,4,1871466,A. Pruitt,GOE,PF,21.3
208488,J. Ducasse,5,2074488,M. Benitez,UUN,PF,23.0
208488,J. Ducasse,6,17488,K. Wachsman,MAL,PF,24.2
208488,J. Ducasse,7,1709203,E. Holt,UUN,PF,25.4
208488,J. Ducasse,8,2394559,D. Zekovic,MAL,C,25.4
208488,J. Ducasse,9,2486580,J. Canty,HYM,C,25.4
208488,J. Ducasse,10,539387,F. Soto,DSC,F,25.7
208488,J. Ducasse,11,1314581,R. Previatti,WEL,PF,26.8
208488,J. Ducasse,12,727814,I. Xavier,HYM,F,27.5
258698,M. Mayora,1,1942261,M. Espinosa,BIG,G,17.1
258698,M. Mayora,2,43252,M. Sarni,UUN,G,23.8
258698,M. Mayora,3,1645559,J. Stoll,WEL,G,24.4
258698,M. Mayora,4,16177,M. Romero,MAL,G,25.0
258698,M. Mayora,5,15251,L. Parodi,CNF,G,25.4
258698,M. Mayora,6,17379,P. Rusch,COR,G,25.7
258698,M. Mayora,7,17071,F. Bavosi,CAP,G,26.9
258698,M. Mayora,8,17669,G. Espindola,CNF,F,26.9
258698,M. Mayora,9,15196,M. Cabot,CNF,G,27.0
258698,M. Mayora,10,17571,F. Pereiras,AGU,PG,27.1
258698,M. Mayora,11,2619167,T. Cracknell,GOE,PG,27.1
258698,M. Mayora,12,961332,E. Bonet,GOE,PG,27.3
16616,N. Catala,1,539387,F. Soto,DSC,F,19.8
16616,N. Catala,2,208488,J. Ducasse,UAT,F,20.0
16616,N. Catala,3,16857,G. Iglesias,BIG,PF,24.7
16616,N. Catala,4,17046,M. Zubiaurre,DSC,G,24.7
16616,N. Catala,5,983931,T. Leites,COR,F,25.5
16616,N. Catala,6,1642407,D. Pena Garcia,WEL,F,26.2
16616,N. Catala,7,16715,B. Garcia,BIG,PG,26.2
16616,N. Catala,8,968070,G. Souza,UAT,F,27.5
16616,N. Catala,9,2288279,J. Strings,GOE,C,27.7
16616,N. Catala,10,15216,E. Gonzalez,COR,F,27.9
16616,N. Catala,11,17677,B. Barrera,CNF,F,28.2
16616,N. Catala,12,727814,I. Xavier,HYM,F,28.4
15259,S. Zanotta,1,16739,G. Barrera,WEL,G,16.2
15259,S. Zanotta,2,17071,F. Bavosi,CAP,G,16.2
15259,S. Zanotta,3,961332,E. Bonet,GOE,PG,16.3
15259,S. Zanotta,4,16717,G. Semiglia,HYM,F,17.6
15259,S. Zanotta,5,623893,L. Planells,COR,G,18.4
15259,S. Zanotta,6,17101,J. Santiso,AGU,G,19.1
15259,S. Zanotta,7,16508,A. Acosta,GOE,G,19.4
15259,S. Zanotta,8,1346396,S. Fernandez,MAL,G,21.9
15259,S. Zanotta,9,16177,M. Romero,MAL,G,23.3
15259,S. Zanotta,10,17379,P. Rusch,COR,G,23.6
15259,S. Zanotta,11,1334179,F. Garcia,WEL,G,24.9
15259,S. Zanotta,12,15257,F. Medina,COR,G,25.5
1642407,D. Pena Garcia,1,16715,B. Garcia,BIG,PG,19.9
1642407,D. Pena Garcia,2,15216,E. Gonzalez,COR,F,21.5
1642407,D. Pena Garcia,3,539387,F. Soto,DSC,F,22.4
1642407,D. Pena Garcia,4,15196,M. Cabot,CNF,G,23.7
1642407,D. Pena Garcia,5,968070,G. Souza,UAT,F,23.7
1642407,D. Pena Garcia,6,16857,G. Iglesias,BIG,PF,23.9
1642407,D. Pena Garcia,7,1676246,N. Lema,CAP,PG,25.0
1642407,D. Pena Garcia,8,17071,F. Bavosi,CAP,G,25.1
1642407,D. Pena Garcia,9,16616,N. Catala,BIG,F,26.2
1642407,D. Pena Garcia,10,17571,F. Pereiras,AGU,PG,27.7
1642407,D. Pena Garcia,11,16511,S. Moglia,WEL,F,27.8
1642407,D. Pena Garcia,12,16717,G. Semiglia,HYM,F,27.9
968070,G. Souza,1,16715,B. Garcia,BIG,PG,15.8
968070,G. Souza,2,17571,F. Pereiras,AGU,PG,18.5
968070,G. Souza,3,1676246,N. Lema,CAP,PG,19.2
968070,G. Souza,4,539387,F. Soto,DSC,F,19.6
968070,G. Souza,5,983931,T. Leites,COR,F,19.6
968070,G. Souza,6,16857,G. Iglesias,BIG,PF,21.6
968070,G. Souza,7,16807,A. Lopez,UAT,SG,22.2
968070,G. Souza,8,15196,M. Cabot,CNF,G,23.0
968070,G. Souza,9,1642407,D. Pena Garcia,WEL,F,23.7
968070,G. Souza,10,1981004,D. Wright,DSC,PF,24.7
968070,G. Souza,11,1723827,M. Mac Mullen,DSC,PG,24.8
968070,G. Souza,12,571401,X. Couste,GOE,F,26.7
17379,P. Rusch,1,1645559,J. Stoll,WEL,G,17.1
17379,P. Rusch,2,16177,M. Romero,MAL,G,17.7
17379,P. Rusch,3,15251,L. Parodi,CNF,G,19.4
17379,P. Rusch,4,16508,A. Acosta,GOE,G,21.0
17379,P. Rusch,5,1942261,M. Espinosa,BIG,G,22.0
17379,P. Rusch,6,14724,S. Vidal,AGU,G,23.0
17379,P. Rusch,7,15259,S. Zanotta,HYM,G,23.6
17379,P. Rusch,8,17101,J. Santiso,AGU,G,24.1
17379,P. Rusch,9,17071,F. Bavosi,CAP,G,24.4
17379,P. Rusch,10,1989296,T. Rodriguez,BIG,G,24.4
17379,P. Rusch,11,16511,S. Moglia,WEL,F,24.9
17379,P. Rusch,12,16717,G. Semiglia,HYM,F,25.3
1676246,N. Lema,1,17571,F. Pereiras,AGU,PG,14.9
1676246,N. Lema,2,1723827,M. Mac Mullen,DSC,PG,15.6
1676246,N. Lema,3,539387,F. Soto,DSC,F,17.8
1676246,N. Lema,4,968070,G. Souza,UAT,F,19.2
1676246,N. Lema,5,16807,A. Lopez,UAT,SG,20.9
1676246,N. Lema,6,16511,S. Moglia,WEL,F,22.2
1676246,N. Lema,7,15196,M. Cabot,CNF,G,22.8
1676246,N. Lema,8,1942261,M. Espinosa,BIG,G,24.8
1676246,N. Lema,9,17071,F. Bavosi,CAP,G,24.9
1676246,N. Lema,10,1642407,D. Pena Garcia,WEL,F,25.0
1676246,N. Lema,11,15216,E. Gonzalez,COR,F,25.1
1676246,N. Lema,12,17110,O. Medina,MAL,F,25.5
1645559,J. Stoll,1,17379,P. Rusch,COR,G,17.1
1645559,J. Stoll,2,15251,L. Parodi,CNF,G,19.9
1645559,J. Stoll,3,16177,M. Romero,MAL,G,20.8
1645559,J. Stoll,4,43252,M. Sarni,UUN,G,21.4
1645559,J. Stoll,5,16508,A. Acosta,GOE,G,23.7
1645559,J. Stoll,6,258698,M. Mayora,HYM,G,24.4
1645559,J. Stoll,7,1942261,M. Espinosa,BIG,G,26.4
1645559,J. Stoll,8,17071,F. Bavosi,CAP,G,26.5
1645559,J. Stoll,9,191820,F. Terra,DSC,G,27.0
1645559,J. Stoll,10,961332,E. Bonet,GOE,PG,27.2
1645559,J. Stoll,11,15259,S. Zanotta,HYM,G,27.6
1645559,J. Stoll,12,17101,J. Santiso,AGU,G,27.8
16715,B. Garcia,1,968070,G. Souza,UAT,F,15.8
16715,B. Garcia,2,1642407,D. Pena Garcia,WEL,F,19.9
16715,B. Garcia,3,15196,M. Cabot,CNF,G,21.6
16715,B. Garcia,4,539387,F. Soto,DSC,F,25.7
16715,B. Garcia,5,983931,T. Leites,COR,F,25.8
16715,B. Garcia,6,16616,N. Catala,BIG,F,26.2
16715,B. Garcia,7,1676246,N. Lema,CAP,PG,26.2
16715,B. Garcia,8,17571,F. Pereiras,AGU,PG,26.2
16715,B. Garcia,9,16857,G. Iglesias,BIG,PF,26.8
16715,B. Garcia,10,16807,A. Lopez,UAT,SG,27.9
16715,B. Garcia,11,15216,E. Gonzalez,COR,F,29.3
16715,B. Garcia,12,17071,F. Bavosi,CAP,G,30.5
623893,L. Planells,1,17071,F. Bavosi,CAP,G,13.8
623893,L. Planells,2,15259,S. Zanotta,HYM,G,18.4
623893,L. Planells,3,961332,E. Bonet,GOE,PG,18.4
623893,L. Planells,4,16739,G. Barrera,WEL,G,18.5
623893,L. Planells,5,16717,G. Semiglia,HYM,F,21.8
623893,L. Planells,6,16508,A. Acosta,GOE,G,21.9
623893,L. Planells,7,2620317,T. Ferguson,WEL,SG,25.7
623893,L. Planells,8,15196,M. Cabot,CNF,G,25.9
623893,L. Planells,9,16177,M. Romero,MAL,G,25.9
623893,L. Planells,10,1346396,S. Fernandez,MAL,G,26.2
623893,L. Planells,11,1942261,M. Espinosa,BIG,G,26.9
623893,L. Planells,12,1334179,F. Garcia,WEL,G,27.6
17488,K. Wachsman,1,1661038,P. Gomez,CNF,C,19.0
17488,K. Wachsman,2,2261706,S. Conceicao,GOE,C,21.4
17488,K. Wachsman,3,2413907,E. Bell,CNF,PF,22.6
17488,K. Wachsman,4,208488,J. Ducasse,UAT,F,24.2
17488,K. Wachsman,5,2074488,M. Benitez,UUN,PF,25.1
17488,K. Wachsman,6,2178363,E. Romero,CAP,C,25.8
17488,K. Wachsman,7,258681,M. Rojas,CAP,PF,27.4
17488,K. Wachsman,8,17554,A. Zuvich,AGU,C,28.2
17488,K. Wachsman,9,2486580,J. Canty,HYM,C,28.5
17488,K. Wachsman,10,1314581,R. Previatti,WEL,PF,28.8
17488,K. Wachsman,11,1924909,F. Hassell,BIG,C,29.8
17488,K. Wachsman,12,43224,N. Colmenares,DSC,PF,30.0
16739,G. Barrera,1,16508,A. Acosta,GOE,G,14.1
16739,G. Barrera,2,15259,S. Zanotta,HYM,G,16.2
16739,G. Barrera,3,623893,L. Planells,COR,G,18.5
16739,G. Barrera,4,17071,F. Bavosi,CAP,G,21.7
16739,G. Barrera,5,961332,E. Bonet,GOE,PG,21.9
16739,G. Barrera,6,16717,G. Semiglia,HYM,F,23.6
16739,G. Barrera,7,1334179,F. Garcia,WEL,G,25.5
16739,G. Barrera,8,17379,P. Rusch,COR,G,26.7
16739,G. Barrera,9,15251,L. Parodi,CNF,G,28.0
16739,G. Barrera,10,1645559,J. Stoll,WEL,G,29.0
16739,G. Barrera,11,1346396,S. Fernandez,MAL,G,29.7
16739,G. Barrera,12,15257,F. Medina,COR,G,30.1
17071,F. Bavosi,1,623893,L. Planells,COR,G,13.8
17071,F. Bavosi,2,15259,S. Zanotta,HYM,G,16.2
17071,F. Bavosi,3,16717,G. Semiglia,HYM,F,18.9
17071,F. Bavosi,4,16177,M. Romero,MAL,G,19.5
17071,F. Bavosi,5,1346396,S. Fernandez,MAL,G,19.8
17071,F. Bavosi,6,15216,E. Gonzalez,COR,F,20.3
17071,F. Bavosi,7,961332,E. Bonet,GOE,PG,21.3
17071,F. Bavosi,8,16739,G. Barrera,WEL,G,21.7
17071,F. Bavosi,9,16508,A. Acosta,GOE,G,22.4
17071,F. Bavosi,10,17379,P. Rusch,COR,G,24.4
17071,F. Bavosi,11,15196,M. Cabot,CNF,G,24.9
17071,F. Bavosi,12,1676246,N. Lema,CAP,PG,24.9
